date,country,new_cases_avg_per_pop,new_deaths_avg_per_pop
2024-07-26,Afghanistan,0,0
2024-07-27,Afghanistan,0,0
2024-07-28,Afghanistan,0,0
2024-07-29,Afghanistan,0,0
2024-07-30,Afghanistan,0,0
2024-07-31,Afghanistan,0,0
2024-08-01,Afghanistan,0,0
2024-08-02,Afghanistan,0,0
2024-08-03,Afghanistan,0,0
2024-08-04,Afghanistan,0,0
2024-07-26,Africa,0.014218261511381025,0.0012015432263138895
2024-07-27,Africa,0.014218261511381025,0.0012015432263138895
2024-07-28,Africa,0.013417232693838432,0
2024-07-29,Africa,0.013417232693838432,0
2024-07-30,Africa,0.013417232693838432,0
2024-07-31,Africa,0.013417232693838432,0
2024-08-01,Africa,0.013417232693838432,0
2024-08-02,Africa,0.013417232693838432,0
2024-08-03,Africa,0.013417232693838432,0
2024-08-04,Africa,0.0036046296789416688,0
2024-07-26,Albania,0,0
2024-07-27,Albania,0,0
2024-07-28,Albania,0,0
2024-07-29,Albania,0,0
2024-07-30,Albania,0,0
2024-07-31,Albania,0,0
2024-08-01,Albania,0,0
2024-08-02,Albania,0,0
2024-08-03,Albania,0,0
2024-08-04,Albania,0,0
2024-07-26,Algeria,0.10180623476398114,0
2024-07-27,Algeria,0.10180623476398114,0
2024-07-28,Algeria,0.019088669018246462,0
2024-07-29,Algeria,0.019088669018246462,0
2024-07-30,Algeria,0.019088669018246462,0
2024-07-31,Algeria,0.019088669018246462,0
2024-08-01,Algeria,0.019088669018246462,0
2024-08-02,Algeria,0.019088669018246462,0
2024-08-03,Algeria,0.019088669018246462,0
2024-08-04,Algeria,0.0572660070547394,0
2024-07-26,American Samoa,0,0
2024-07-27,American Samoa,0,0
2024-07-28,American Samoa,0,0
2024-07-29,American Samoa,0,0
2024-07-30,American Samoa,0,0
2024-07-31,American Samoa,0,0
2024-08-01,American Samoa,0,0
2024-08-02,American Samoa,0,0
2024-08-03,American Samoa,0,0
2024-08-04,American Samoa,0,0
2024-07-26,Andorra,0,0
2024-07-27,Andorra,0,0
2024-07-28,Andorra,0,0
2024-07-29,Andorra,0,0
2024-07-30,Andorra,0,0
2024-07-31,Andorra,0,0
2024-08-01,Andorra,0,0
2024-08-02,Andorra,0,0
2024-08-03,Andorra,0,0
2024-08-04,Andorra,0,0
2024-07-26,Angola,0,0
2024-07-27,Angola,0,0
2024-07-28,Angola,0,0
2024-07-29,Angola,0,0
2024-07-30,Angola,0,0
2024-07-31,Angola,0,0
2024-08-01,Angola,0,0
2024-08-02,Angola,0,0
2024-08-03,Angola,0,0
2024-08-04,Angola,0,0
2024-07-26,Anguilla,0,0
2024-07-27,Anguilla,0,0
2024-07-28,Anguilla,0,0
2024-07-29,Anguilla,0,0
2024-07-30,Anguilla,0,0
2024-07-31,Anguilla,0,0
2024-08-01,Anguilla,0,0
2024-08-02,Anguilla,0,0
2024-08-03,Anguilla,0,0
2024-08-04,Anguilla,0,0
2024-07-26,Antigua and Barbuda,0,0
2024-07-27,Antigua and Barbuda,0,0
2024-07-28,Antigua and Barbuda,0,0
2024-07-29,Antigua and Barbuda,0,0
2024-07-30,Antigua and Barbuda,0,0
2024-07-31,Antigua and Barbuda,0,0
2024-08-01,Antigua and Barbuda,0,0
2024-08-02,Antigua and Barbuda,0,0
2024-08-03,Antigua and Barbuda,0,0
2024-08-04,Antigua and Barbuda,0,0
2024-07-26,Argentina,0.28878847671700036,0
2024-07-27,Argentina,0.28878847671700036,0
2024-07-28,Argentina,0.2668154404450547,0.0031390051817065255
2024-07-29,Argentina,0.2668154404450547,0.0031390051817065255
2024-07-30,Argentina,0.2668154404450547,0.0031390051817065255
2024-07-31,Argentina,0.2668154404450547,0.0031390051817065255
2024-08-01,Argentina,0.2668154404450547,0.0031390051817065255
2024-08-02,Argentina,0.2668154404450547,0.0031390051817065255
2024-08-03,Argentina,0.2668154404450547,0.0031390051817065255
2024-08-04,Argentina,0.1695062798121524,0.0031390051817065255
2024-07-26,Armenia,0,0
2024-07-27,Armenia,0,0
2024-07-28,Armenia,0,0
2024-07-29,Armenia,0,0
2024-07-30,Armenia,0,0
2024-07-31,Armenia,0,0
2024-08-01,Armenia,0,0
2024-08-02,Armenia,0,0
2024-08-03,Armenia,0,0
2024-08-04,Armenia,0,0
2024-07-26,Aruba,0,0
2024-07-27,Aruba,0,0
2024-07-28,Aruba,0,0
2024-07-29,Aruba,0,0
2024-07-30,Aruba,0,0
2024-07-31,Aruba,0,0
2024-08-01,Aruba,0,0
2024-08-02,Aruba,0,0
2024-08-03,Aruba,0,0
2024-08-04,Aruba,0,0
2024-07-26,Asia,0.18780815202352139,3.3283223332668526e-4
2024-07-27,Asia,0.18780815202352139,3.3283223332668526e-4
2024-07-28,Asia,0.15879123277258583,3.630897090836566e-4
2024-07-29,Asia,0.15879123277258583,3.630897090836566e-4
2024-07-30,Asia,0.15879123277258583,3.630897090836566e-4
2024-07-31,Asia,0.15879123277258583,3.630897090836566e-4
2024-08-01,Asia,0.15879123277258583,3.630897090836566e-4
2024-08-02,Asia,0.15879123277258583,3.630897090836566e-4
2024-08-03,Asia,0.15879123277258583,3.630897090836566e-4
2024-08-04,Asia,0.13661250304272582,5.143770878685136e-4
2024-08-05,Asia,0.27322500608545164,0.0010287541757370271
2024-08-06,Asia,0.40983750912817746,0.0015431312636055407
2024-08-07,Asia,0.5464500121709033,0.0020575083514740543
2024-08-08,Asia,0.683062515213629,0.002571885439342568
2024-08-09,Asia,0.8196750182563549,0.0030862625272110814
2024-08-10,Asia,0.9562875212990807,0.003600639615079595
2024-08-11,Asia,0.9562875212990807,0.003600639615079595
2024-08-12,Asia,0.9562875212990807,0.003600639615079595
2024-08-13,Asia,0.9562875212990807,0.003600639615079595
2024-08-14,Asia,0.9562875212990807,0.003600639615079595
2024-07-26,Australia,0,0
2024-07-27,Australia,0,0
2024-07-28,Australia,0,0
2024-07-29,Australia,0,0
2024-07-30,Australia,0,0
2024-07-31,Australia,0,0
2024-08-01,Australia,0,0
2024-08-02,Australia,0,0
2024-08-03,Australia,0,0
2024-08-04,Australia,0,0
2024-07-26,Austria,0.1917627695107871,0
2024-07-27,Austria,0.1917627695107871,0
2024-07-28,Austria,0.2397034618884839,0
2024-07-29,Austria,0.2397034618884839,0
2024-07-30,Austria,0.2397034618884839,0
2024-07-31,Austria,0.2397034618884839,0
2024-08-01,Austria,0.2397034618884839,0
2024-08-02,Austria,0.2397034618884839,0
2024-08-03,Austria,0.2397034618884839,0
2024-08-04,Austria,0.2397034618884839,0
2024-07-26,Azerbaijan,1.2964346694986684,0
2024-07-27,Azerbaijan,1.2964346694986684,0
2024-07-28,Azerbaijan,0.7999277747970508,0
2024-07-29,Azerbaijan,0.7999277747970508,0
2024-07-30,Azerbaijan,0.7999277747970508,0
2024-07-31,Azerbaijan,0.7999277747970508,0
2024-08-01,Azerbaijan,0.7999277747970508,0
2024-08-02,Azerbaijan,0.7999277747970508,0
2024-08-03,Azerbaijan,0.7999277747970508,0
2024-08-04,Azerbaijan,0.8688870657278309,0
2024-07-26,Bahamas,25.087781100747303,0
2024-07-27,Bahamas,25.087781100747303,0
2024-07-28,Bahamas,21.95180846315389,0
2024-07-29,Bahamas,21.95180846315389,0
2024-07-30,Bahamas,21.95180846315389,0
2024-07-31,Bahamas,21.95180846315389,0
2024-08-01,Bahamas,21.95180846315389,0
2024-08-02,Bahamas,21.95180846315389,0
2024-08-03,Bahamas,21.95180846315389,0
2024-08-04,Bahamas,0,0
2024-07-26,Bahrain,0,0
2024-07-27,Bahrain,0,0
2024-07-28,Bahrain,0,0
2024-07-29,Bahrain,0,0
2024-07-30,Bahrain,0,0
2024-07-31,Bahrain,0,0
2024-08-01,Bahrain,0,0
2024-08-02,Bahrain,0,0
2024-08-03,Bahrain,0,0
2024-08-04,Bahrain,0,0
2024-07-26,Bangladesh,0.0333804950770713,0
2024-07-27,Bangladesh,0.0333804950770713,0
2024-07-28,Bangladesh,0.030042445569364164,8.345123769267822e-4
2024-07-29,Bangladesh,0.030042445569364164,8.345123769267822e-4
2024-07-30,Bangladesh,0.030042445569364164,8.345123769267822e-4
2024-07-31,Bangladesh,0.030042445569364164,8.345123769267822e-4
2024-08-01,Bangladesh,0.030042445569364164,8.345123769267822e-4
2024-08-02,Bangladesh,0.030042445569364164,8.345123769267822e-4
2024-08-03,Bangladesh,0.030042445569364164,8.345123769267822e-4
2024-08-04,Bangladesh,0.0333804950770713,0
2024-07-26,Barbados,20.288893555334408,0
2024-07-27,Barbados,20.288893555334408,0
2024-07-28,Barbados,26.37556162193473,0
2024-07-29,Barbados,26.37556162193473,0
2024-07-30,Barbados,26.37556162193473,0
2024-07-31,Barbados,26.37556162193473,0
2024-08-01,Barbados,26.37556162193473,0
2024-08-02,Barbados,26.37556162193473,0
2024-08-03,Barbados,26.37556162193473,0
2024-08-04,Barbados,28.91167331635153,0
2024-07-26,Belarus,0,0
2024-07-27,Belarus,0,0
2024-07-28,Belarus,0,0
2024-07-29,Belarus,0,0
2024-07-30,Belarus,0,0
2024-07-31,Belarus,0,0
2024-08-01,Belarus,0,0
2024-08-02,Belarus,0,0
2024-08-03,Belarus,0,0
2024-08-04,Belarus,0,0
2024-07-26,Belgium,20.749720365958396,0
2024-07-27,Belgium,20.749720365958396,0
2024-07-28,Belgium,17.072865014636765,0
2024-07-29,Belgium,17.072865014636765,0
2024-07-30,Belgium,17.072865014636765,0
2024-07-31,Belgium,17.072865014636765,0
2024-08-01,Belgium,17.072865014636765,0
2024-08-02,Belgium,17.072865014636765,0
2024-08-03,Belgium,17.072865014636765,0
2024-08-04,Belgium,15.651147612125735,0
2024-07-26,Belize,0.35248564061621535,0
2024-07-27,Belize,0.35248564061621535,0
2024-07-28,Belize,0.35248564061621535,0
2024-07-29,Belize,0.35248564061621535,0
2024-07-30,Belize,0.35248564061621535,0
2024-07-31,Belize,0.35248564061621535,0
2024-08-01,Belize,0.35248564061621535,0
2024-08-02,Belize,0.35248564061621535,0
2024-08-03,Belize,0.35248564061621535,0
2024-08-04,Belize,0,0
2024-07-26,Benin,0,0
2024-07-27,Benin,0,0
2024-07-28,Benin,0,0
2024-07-29,Benin,0,0
2024-07-30,Benin,0,0
2024-07-31,Benin,0,0
2024-08-01,Benin,0,0
2024-08-02,Benin,0,0
2024-08-03,Benin,0,0
2024-08-04,Benin,0,0
2024-07-26,Bermuda,0,0
2024-07-27,Bermuda,0,0
2024-07-28,Bermuda,0,0
2024-07-29,Bermuda,0,0
2024-07-30,Bermuda,0,0
2024-07-31,Bermuda,0,0
2024-08-01,Bermuda,0,0
2024-08-02,Bermuda,0,0
2024-08-03,Bermuda,0,0
2024-08-04,Bermuda,0,0
2024-07-26,Bhutan,0,0
2024-07-27,Bhutan,0,0
2024-07-28,Bhutan,0,0
2024-07-29,Bhutan,0,0
2024-07-30,Bhutan,0,0
2024-07-31,Bhutan,0,0
2024-08-01,Bhutan,0,0
2024-08-02,Bhutan,0,0
2024-08-03,Bhutan,0,0
2024-08-04,Bhutan,0,0
2024-07-26,Bolivia,0,0
2024-07-27,Bolivia,0,0
2024-07-28,Bolivia,0,0
2024-07-29,Bolivia,0,0
2024-07-30,Bolivia,0,0
2024-07-31,Bolivia,0,0
2024-08-01,Bolivia,0,0
2024-08-02,Bolivia,0,0
2024-08-03,Bolivia,0,0
2024-08-04,Bolivia,0.0233730056603109,0
2024-07-26,Bonaire Sint Eustatius and Saba,0,0
2024-07-27,Bonaire Sint Eustatius and Saba,0,0
2024-07-28,Bonaire Sint Eustatius and Saba,0,0
2024-07-29,Bonaire Sint Eustatius and Saba,0,0
2024-07-30,Bonaire Sint Eustatius and Saba,0,0
2024-07-31,Bonaire Sint Eustatius and Saba,0,0
2024-08-01,Bonaire Sint Eustatius and Saba,0,0
2024-08-02,Bonaire Sint Eustatius and Saba,0,0
2024-08-03,Bonaire Sint Eustatius and Saba,0,0
2024-08-04,Bonaire Sint Eustatius and Saba,0,0
2024-07-26,Bosnia and Herzegovina,0.13253980280728136,0.04417993426909379
2024-07-27,Bosnia and Herzegovina,0.13253980280728136,0.04417993426909379
2024-07-28,Bosnia and Herzegovina,0.17671973707637517,0.04417993426909379
2024-07-29,Bosnia and Herzegovina,0.17671973707637517,0.04417993426909379
2024-07-30,Bosnia and Herzegovina,0.17671973707637517,0.04417993426909379
2024-07-31,Bosnia and Herzegovina,0.17671973707637517,0.04417993426909379
2024-08-01,Bosnia and Herzegovina,0.17671973707637517,0.04417993426909379
2024-08-02,Bosnia and Herzegovina,0.17671973707637517,0.04417993426909379
2024-08-03,Bosnia and Herzegovina,0.17671973707637517,0.04417993426909379
2024-08-04,Bosnia and Herzegovina,0,0
2024-07-26,Botswana,0,0
2024-07-27,Botswana,0,0
2024-07-28,Botswana,0,0
2024-07-29,Botswana,0,0
2024-07-30,Botswana,0,0
2024-07-31,Botswana,0,0
2024-08-01,Botswana,0,0
2024-08-02,Botswana,0,0
2024-08-03,Botswana,0,0
2024-08-04,Botswana,0,0
2024-07-26,Brazil,0,0
2024-07-27,Brazil,0,0
2024-07-28,Brazil,0,0
2024-07-29,Brazil,0,0
2024-07-30,Brazil,0,0
2024-07-31,Brazil,0,0
2024-08-01,Brazil,0,0
2024-08-02,Brazil,0,0
2024-08-03,Brazil,0,0
2024-08-04,Brazil,0,0
2024-07-26,British Virgin Islands,0,0
2024-07-27,British Virgin Islands,0,0
2024-07-28,British Virgin Islands,0,0
2024-07-29,British Virgin Islands,0,0
2024-07-30,British Virgin Islands,0,0
2024-07-31,British Virgin Islands,0,0
2024-08-01,British Virgin Islands,0,0
2024-08-02,British Virgin Islands,0,0
2024-08-03,British Virgin Islands,0,0
2024-08-04,British Virgin Islands,0,0
2024-07-26,Brunei,126.94820958481253,0
2024-07-27,Brunei,126.94820958481253,0
2024-07-28,Brunei,116.44873360411376,0
2024-07-29,Brunei,116.44873360411376,0
2024-07-30,Brunei,116.44873360411376,0
2024-07-31,Brunei,116.44873360411376,0
2024-08-01,Brunei,116.44873360411376,0
2024-08-02,Brunei,116.44873360411376,0
2024-08-03,Brunei,116.44873360411376,0
2024-08-04,Brunei,91.63179037700755,0.31816593880905397
2024-07-26,Bulgaria,1.453436782925109,0
2024-07-27,Bulgaria,1.453436782925109,0
2024-07-28,Bulgaria,3.0121950718592836,0
2024-07-29,Bulgaria,3.0121950718592836,0
2024-07-30,Bulgaria,3.0121950718592836,0
2024-07-31,Bulgaria,3.0121950718592836,0
2024-08-01,Bulgaria,3.0121950718592836,0
2024-08-02,Bulgaria,3.0121950718592836,0
2024-08-03,Bulgaria,3.0121950718592836,0
2024-08-04,Bulgaria,5.413525408865985,0
2024-07-26,Burkina Faso,0,0
2024-07-27,Burkina Faso,0,0
2024-07-28,Burkina Faso,0,0
2024-07-29,Burkina Faso,0,0
2024-07-30,Burkina Faso,0,0
2024-07-31,Burkina Faso,0,0
2024-08-01,Burkina Faso,0,0
2024-08-02,Burkina Faso,0,0
2024-08-03,Burkina Faso,0,0
2024-08-04,Burkina Faso,0,0
2024-07-26,Burundi,0,0
2024-07-27,Burundi,0,0
2024-07-28,Burundi,0,0
2024-07-29,Burundi,0,0
2024-07-30,Burundi,0,0
2024-07-31,Burundi,0,0
2024-08-01,Burundi,0,0
2024-08-02,Burundi,0,0
2024-08-03,Burundi,0,0
2024-08-04,Burundi,0,0
2024-07-26,Cambodia,0.04259852465803246,0
2024-07-27,Cambodia,0.04259852465803246,0
2024-07-28,Cambodia,0.025559114794819475,0
2024-07-29,Cambodia,0.025559114794819475,0
2024-07-30,Cambodia,0.025559114794819475,0
2024-07-31,Cambodia,0.025559114794819475,0
2024-08-01,Cambodia,0.025559114794819475,0
2024-08-02,Cambodia,0.025559114794819475,0
2024-08-03,Cambodia,0.025559114794819475,0
2024-08-04,Cambodia,0.05111822958963895,0
2024-07-26,Cameroon,0.005117660281051462,0
2024-07-27,Cameroon,0.005117660281051462,0
2024-07-28,Cameroon,0.020470641124205848,0
2024-07-29,Cameroon,0.020470641124205848,0
2024-07-30,Cameroon,0.020470641124205848,0
2024-07-31,Cameroon,0.020470641124205848,0
2024-08-01,Cameroon,0.020470641124205848,0
2024-08-02,Cameroon,0.020470641124205848,0
2024-08-03,Cameroon,0.020470641124205848,0
2024-08-04,Cameroon,0,0
2024-07-26,Canada,1.7348966731205318,0.022289893016537884
2024-07-27,Canada,1.7348966731205318,0.022289893016537884
2024-07-28,Canada,1.2147991694013147,0.007429964338845961
2024-07-29,Canada,1.2147991694013147,0.007429964338845961
2024-07-30,Canada,1.2147991694013147,0.007429964338845961
2024-07-31,Canada,1.2147991694013147,0.007429964338845961
2024-08-01,Canada,1.2147991694013147,0.007429964338845961
2024-08-02,Canada,1.2147991694013147,0.007429964338845961
2024-08-03,Canada,1.2147991694013147,0.007429964338845961
2024-08-04,Canada,0.14116932243807326,0
2024-07-26,Cape Verde,0,0
2024-07-27,Cape Verde,0,0
2024-07-28,Cape Verde,0,0
2024-07-29,Cape Verde,0,0
2024-07-30,Cape Verde,0,0
2024-07-31,Cape Verde,0,0
2024-08-01,Cape Verde,0,0
2024-08-02,Cape Verde,0,0
2024-08-03,Cape Verde,0,0
2024-08-04,Cape Verde,0,0
2024-07-26,Cayman Islands,0,0
2024-07-27,Cayman Islands,0,0
2024-07-28,Cayman Islands,0,0
2024-07-29,Cayman Islands,0,0
2024-07-30,Cayman Islands,0,0
2024-07-31,Cayman Islands,0,0
2024-08-01,Cayman Islands,0,0
2024-08-02,Cayman Islands,0,0
2024-08-03,Cayman Islands,0,0
2024-08-04,Cayman Islands,0,0
2024-07-26,Central African Republic,0,0
2024-07-27,Central African Republic,0,0
2024-07-28,Central African Republic,0,0
2024-07-29,Central African Republic,0,0
2024-07-30,Central African Republic,0,0
2024-07-31,Central African Republic,0,0
2024-08-01,Central African Republic,0,0
2024-08-02,Central African Republic,0,0
2024-08-03,Central African Republic,0,0
2024-08-04,Central African Republic,0,0
2024-07-26,Chad,0,0
2024-07-27,Chad,0,0
2024-07-28,Chad,0,0
2024-07-29,Chad,0,0
2024-07-30,Chad,0,0
2024-07-31,Chad,0,0
2024-08-01,Chad,0,0
2024-08-02,Chad,0,0
2024-08-03,Chad,0,0
2024-08-04,Chad,0,0
2024-07-26,Chile,0.45180892341862067,0.007287240700300333
2024-07-27,Chile,0.45180892341862067,0.007287240700300333
2024-07-28,Chile,0.7141495886294327,0.021861722100900996
2024-07-29,Chile,0.7141495886294327,0.021861722100900996
2024-07-30,Chile,0.7141495886294327,0.021861722100900996
2024-07-31,Chile,0.7141495886294327,0.021861722100900996
2024-08-01,Chile,0.7141495886294327,0.021861722100900996
2024-08-02,Chile,0.7141495886294327,0.021861722100900996
2024-08-03,Chile,0.7141495886294327,0.021861722100900996
2024-08-04,Chile,0.7287240700300334,0
2024-07-26,China,0.1991742180812936,7.013176693003296e-4
2024-07-27,China,0.1991742180812936,7.013176693003296e-4
2024-07-28,China,0.21069586550551334,9.01694146243281e-4
2024-07-29,China,0.21069586550551334,9.01694146243281e-4
2024-07-30,China,0.21069586550551334,9.01694146243281e-4
2024-07-31,China,0.21069586550551334,9.01694146243281e-4
2024-08-01,China,0.21069586550551334,9.01694146243281e-4
2024-08-02,China,0.21069586550551334,9.01694146243281e-4
2024-08-03,China,0.21069586550551334,9.01694146243281e-4
2024-08-04,China,0.20909285368996972,0.0015028235770721348
2024-07-26,Colombia,2.643767265246052,0
2024-07-27,Colombia,2.643767265246052,0
2024-07-28,Colombia,2.924667537178445,0
2024-07-29,Colombia,2.924667537178445,0
2024-07-30,Colombia,2.924667537178445,0
2024-07-31,Colombia,2.924667537178445,0
2024-08-01,Colombia,2.924667537178445,0
2024-08-02,Colombia,2.924667537178445,0
2024-08-03,Colombia,2.924667537178445,0
2024-08-04,Colombia,2.6878300530001527,0
2024-07-26,Comoros,0,0
2024-07-27,Comoros,0,0
2024-07-28,Comoros,0,0
2024-07-29,Comoros,0,0
2024-07-30,Comoros,0,0
2024-07-31,Comoros,0,0
2024-08-01,Comoros,0,0
2024-08-02,Comoros,0,0
2024-08-03,Comoros,0,0
2024-08-04,Comoros,0,0
2024-07-26,Congo,0,0
2024-07-27,Congo,0,0
2024-07-28,Congo,0,0
2024-07-29,Congo,0,0
2024-07-30,Congo,0,0
2024-07-31,Congo,0,0
2024-08-01,Congo,0,0
2024-08-02,Congo,0,0
2024-08-03,Congo,0,0
2024-08-04,Congo,0,0
2024-07-26,Cook Islands,0,0
2024-07-27,Cook Islands,0,0
2024-07-28,Cook Islands,0,0
2024-07-29,Cook Islands,0,0
2024-07-30,Cook Islands,0,0
2024-07-31,Cook Islands,0,0
2024-08-01,Cook Islands,0,0
2024-08-02,Cook Islands,0,0
2024-08-03,Cook Islands,0,0
2024-08-04,Cook Islands,8.387572971884856,0
2024-07-26,Costa Rica,6.9762596505384735,0
2024-07-27,Costa Rica,6.9762596505384735,0
2024-07-28,Costa Rica,0,0
2024-07-29,Costa Rica,0,0
2024-07-30,Costa Rica,0,0
2024-07-31,Costa Rica,0,0
2024-08-01,Costa Rica,0,0
2024-08-02,Costa Rica,0,0
2024-08-03,Costa Rica,0,0
2024-08-04,Costa Rica,0,0
2024-07-26,Cote d'Ivoire,0.005072953227229202,0
2024-07-27,Cote d'Ivoire,0.005072953227229202,0
2024-07-28,Cote d'Ivoire,0,0
2024-07-29,Cote d'Ivoire,0,0
2024-07-30,Cote d'Ivoire,0,0
2024-07-31,Cote d'Ivoire,0,0
2024-08-01,Cote d'Ivoire,0,0
2024-08-02,Cote d'Ivoire,0,0
2024-08-03,Cote d'Ivoire,0,0
2024-08-04,Cote d'Ivoire,0,0
2024-07-26,Croatia,0,0
2024-07-27,Croatia,0,0
2024-07-28,Croatia,0,0
2024-07-29,Croatia,0,0
2024-07-30,Croatia,0,0
2024-07-31,Croatia,0,0
2024-08-01,Croatia,0,0
2024-08-02,Croatia,0,0
2024-08-03,Croatia,0,0
2024-08-04,Croatia,0,0
2024-07-26,Cuba,0,0
2024-07-27,Cuba,0,0
2024-07-28,Cuba,0,0
2024-07-29,Cuba,0,0
2024-07-30,Cuba,0,0
2024-07-31,Cuba,0,0
2024-08-01,Cuba,0,0
2024-08-02,Cuba,0,0
2024-08-03,Cuba,0,0
2024-08-04,Cuba,0,0
2024-07-26,Curacao,0,0
2024-07-27,Curacao,0,0
2024-07-28,Curacao,0,0
2024-07-29,Curacao,0,0
2024-07-30,Curacao,0,0
2024-07-31,Curacao,0,0
2024-08-01,Curacao,0,0
2024-08-02,Curacao,0,0
2024-08-03,Curacao,0,0
2024-08-04,Curacao,0,0
2024-07-26,Cyprus,252.5490473687307,0
2024-07-27,Cyprus,252.5490473687307,0
2024-07-28,Cyprus,60.42682383380615,0
2024-07-29,Cyprus,60.42682383380615,0
2024-07-30,Cyprus,60.42682383380615,0
2024-07-31,Cyprus,60.42682383380615,0
2024-08-01,Cyprus,60.42682383380615,0
2024-08-02,Cyprus,60.42682383380615,0
2024-08-03,Cyprus,60.42682383380615,0
2024-08-04,Cyprus,0,0
2024-07-26,Czechia,4.233715815297273,0
2024-07-27,Czechia,4.233715815297273,0
2024-07-28,Czechia,6.19402153041884,0
2024-07-29,Czechia,6.19402153041884,0
2024-07-30,Czechia,6.19402153041884,0
2024-07-31,Czechia,6.19402153041884,0
2024-08-01,Czechia,6.19402153041884,0
2024-08-02,Czechia,6.19402153041884,0
2024-08-03,Czechia,6.19402153041884,0
2024-08-04,Czechia,7.773156689822324,0.013613234132788659
2024-08-05,Czechia,15.546313379644648,0.027226468265577317
2024-08-06,Czechia,23.319470069466973,0.04083970239836597
2024-08-07,Czechia,31.092626759289296,0.054452936531154635
2024-08-08,Czechia,38.86578344911162,0.0680661706639433
2024-08-09,Czechia,46.63894013893395,0.08167940479673194
2024-08-10,Czechia,54.41209682875627,0.09529263892952061
2024-08-11,Czechia,54.41209682875627,0.09529263892952061
2024-08-12,Czechia,54.41209682875627,0.09529263892952061
2024-07-26,Democratic Republic of Congo,0.0577141020910985,0.004328557656832387
2024-07-27,Democratic Republic of Congo,0.0577141020910985,0.004328557656832387
2024-07-28,Democratic Republic of Congo,0.051942691881988655,0
2024-07-29,Democratic Republic of Congo,0.051942691881988655,0
2024-07-30,Democratic Republic of Congo,0.051942691881988655,0
2024-07-31,Democratic Republic of Congo,0.051942691881988655,0
2024-08-01,Democratic Republic of Congo,0.051942691881988655,0
2024-08-02,Democratic Republic of Congo,0.051942691881988655,0
2024-08-03,Democratic Republic of Congo,0.051942691881988655,0
2024-08-04,Democratic Republic of Congo,0,0
2024-07-26,Denmark,0,0
2024-07-27,Denmark,0,0
2024-07-28,Denmark,0,0
2024-07-29,Denmark,0,0
2024-07-30,Denmark,0,0
2024-07-31,Denmark,0,0
2024-08-01,Denmark,0,0
2024-08-02,Denmark,0,0
2024-08-03,Denmark,0,0
2024-08-04,Denmark,0,0
2024-07-26,Djibouti,0,0
2024-07-27,Djibouti,0,0
2024-07-28,Djibouti,0,0
2024-07-29,Djibouti,0,0
2024-07-30,Djibouti,0,0
2024-07-31,Djibouti,0,0
2024-08-01,Djibouti,0,0
2024-08-02,Djibouti,0,0
2024-08-03,Djibouti,0,0
2024-08-04,Djibouti,0,0
2024-07-26,Dominica,0,0
2024-07-27,Dominica,0,0
2024-07-28,Dominica,0,0
2024-07-29,Dominica,0,0
2024-07-30,Dominica,0,0
2024-07-31,Dominica,0,0
2024-08-01,Dominica,0,0
2024-08-02,Dominica,0,0
2024-08-03,Dominica,0,0
2024-08-04,Dominica,0,0
2024-07-26,Dominican Republic,0,0
2024-07-27,Dominican Republic,0,0
2024-07-28,Dominican Republic,0,0
2024-07-29,Dominican Republic,0,0
2024-07-30,Dominican Republic,0,0
2024-07-31,Dominican Republic,0,0
2024-08-01,Dominican Republic,0,0
2024-08-02,Dominican Republic,0,0
2024-08-03,Dominican Republic,0,0
2024-08-04,Dominican Republic,0,0
2024-07-26,East Timor,0,0
2024-07-27,East Timor,0,0
2024-07-28,East Timor,0,0
2024-07-29,East Timor,0,0
2024-07-30,East Timor,0,0
2024-07-31,East Timor,0,0
2024-08-01,East Timor,0,0
2024-08-02,East Timor,0,0
2024-08-03,East Timor,0,0
2024-08-04,East Timor,0,0
2024-07-26,Ecuador,1.2459623874588441,0
2024-07-27,Ecuador,1.2459623874588441,0
2024-07-28,Ecuador,1.3173869829182685,0
2024-07-29,Ecuador,1.3173869829182685,0
2024-07-30,Ecuador,1.3173869829182685,0
2024-07-31,Ecuador,1.3173869829182685,0
2024-08-01,Ecuador,1.3173869829182685,0
2024-08-02,Ecuador,1.3173869829182685,0
2024-08-03,Ecuador,1.3173869829182685,0
2024-08-04,Ecuador,1.2459623874588441,0
2024-07-26,Egypt,0,0
2024-07-27,Egypt,0,0
2024-07-28,Egypt,0,0
2024-07-29,Egypt,0,0
2024-07-30,Egypt,0,0
2024-07-31,Egypt,0,0
2024-08-01,Egypt,0,0
2024-08-02,Egypt,0,0
2024-08-03,Egypt,0,0
2024-08-04,Egypt,0,0
2024-07-26,El Salvador,0.0901819965126171,0
2024-07-27,El Salvador,0.0901819965126171,0
2024-07-28,El Salvador,0.11272749564077138,0
2024-07-29,El Salvador,0.11272749564077138,0
2024-07-30,El Salvador,0.11272749564077138,0
2024-07-31,El Salvador,0.11272749564077138,0
2024-08-01,El Salvador,0.11272749564077138,0
2024-08-02,El Salvador,0.11272749564077138,0
2024-08-03,El Salvador,0.11272749564077138,0
2024-08-04,El Salvador,0.06763649738446283,0
2024-07-26,Equatorial Guinea,0,0
2024-07-27,Equatorial Guinea,0,0
2024-07-28,Equatorial Guinea,0,0
2024-07-29,Equatorial Guinea,0,0
2024-07-30,Equatorial Guinea,0,0
2024-07-31,Equatorial Guinea,0,0
2024-08-01,Equatorial Guinea,0,0
2024-08-02,Equatorial Guinea,0,0
2024-08-03,Equatorial Guinea,0,0
2024-08-04,Equatorial Guinea,0,0
2024-07-26,Eritrea,0,0
2024-07-27,Eritrea,0,0
2024-07-28,Eritrea,0,0
2024-07-29,Eritrea,0,0
2024-07-30,Eritrea,0,0
2024-07-31,Eritrea,0,0
2024-08-01,Eritrea,0,0
2024-08-02,Eritrea,0,0
2024-08-03,Eritrea,0,0
2024-08-04,Eritrea,0,0
2024-07-26,Estonia,0,0
2024-07-27,Estonia,0,0
2024-07-28,Estonia,0,0
2024-07-29,Estonia,0,0
2024-07-30,Estonia,0,0
2024-07-31,Estonia,0,0
2024-08-01,Estonia,0,0
2024-08-02,Estonia,0,0
2024-08-03,Estonia,0,0
2024-08-04,Estonia,0,0
2024-08-05,Estonia,0,0
2024-08-06,Estonia,0,0
2024-08-07,Estonia,0,0
2024-08-08,Estonia,0,0
2024-08-09,Estonia,0,0
2024-08-10,Estonia,0,0
2024-08-11,Estonia,0,0
2024-08-12,Estonia,0,0
2024-07-26,Eswatini,0,0
2024-07-27,Eswatini,0,0
2024-07-28,Eswatini,0,0
2024-07-29,Eswatini,0,0
2024-07-30,Eswatini,0,0
2024-07-31,Eswatini,0,0
2024-08-01,Eswatini,0,0
2024-08-02,Eswatini,0,0
2024-08-03,Eswatini,0,0
2024-08-04,Eswatini,0,0
2024-07-26,Ethiopia,0.009262909789160704,0
2024-07-27,Ethiopia,0.009262909789160704,0
2024-07-28,Ethiopia,0,0
2024-07-29,Ethiopia,0,0
2024-07-30,Ethiopia,0,0
2024-07-31,Ethiopia,0,0
2024-08-01,Ethiopia,0,0
2024-08-02,Ethiopia,0,0
2024-08-03,Ethiopia,0,0
2024-08-04,Ethiopia,0,0
2024-07-26,Europe,7.706110765022998,0.03625096285410425
2024-07-27,Europe,7.706110765022998,0.03625096285410425
2024-07-28,Europe,8.756813275683225,0.04334771219591302
2024-07-29,Europe,8.756813275683225,0.04334771219591302
2024-07-30,Europe,8.756813275683225,0.04334771219591302
2024-07-31,Europe,8.756813275683225,0.04334771219591302
2024-08-01,Europe,8.756813275683225,0.04334771219591302
2024-08-02,Europe,8.756813275683225,0.04334771219591302
2024-08-03,Europe,8.756813275683225,0.04334771219591302
2024-08-04,Europe,7.489372204043432,0.031072253874946502
2024-08-05,Europe,14.978744408086865,0.062144507749893003
2024-08-06,Europe,22.4681166121303,0.09321676162483951
2024-08-07,Europe,29.95748881617373,0.12428901549978601
2024-08-08,Europe,37.44686102021716,0.15536126937473252
2024-08-09,Europe,44.9362332242606,0.18643352324967902
2024-08-10,Europe,52.42560542830403,0.21750577712462552
2024-08-11,Europe,52.42560542830403,0.21750577712462552
2024-08-12,Europe,52.42560542830403,0.21750577712462552
2024-08-13,Europe,52.42560542830403,0.21750577712462552
2024-08-14,Europe,52.42560542830403,0.21750577712462552
2024-07-26,European Union (27),NA,NA
2024-07-27,European Union (27),NA,NA
2024-07-28,European Union (27),NA,NA
2024-07-29,European Union (27),NA,NA
2024-07-30,European Union (27),NA,NA
2024-07-31,European Union (27),NA,NA
2024-08-01,European Union (27),NA,NA
2024-08-02,European Union (27),NA,NA
2024-08-03,European Union (27),NA,NA
2024-08-04,European Union (27),NA,NA
2024-08-05,European Union (27),NA,NA
2024-08-06,European Union (27),NA,NA
2024-08-07,European Union (27),NA,NA
2024-08-08,European Union (27),NA,NA
2024-08-09,European Union (27),NA,NA
2024-08-10,European Union (27),NA,NA
2024-08-11,European Union (27),NA,NA
2024-08-12,European Union (27),NA,NA
2024-08-13,European Union (27),NA,NA
2024-08-14,European Union (27),NA,NA
2024-07-26,European Union (27),8.901223345730118,0.052998584524277303
2024-07-27,European Union (27),8.901223345730118,0.052998584524277303
2024-07-28,European Union (27),10.61304589018492,0.06315400191815079
2024-07-29,European Union (27),10.61304589018492,0.06315400191815079
2024-07-30,European Union (27),10.61304589018492,0.06315400191815079
2024-07-31,European Union (27),10.61304589018492,0.06315400191815079
2024-08-01,European Union (27),10.61304589018492,0.06315400191815079
2024-08-02,European Union (27),10.61304589018492,0.06315400191815079
2024-08-03,European Union (27),10.61304589018492,0.06315400191815079
2024-08-04,European Union (27),8.137662900428255,0.047603519033782
2024-07-26,Falkland Islands,0,0
2024-07-27,Falkland Islands,0,0
2024-07-28,Falkland Islands,0,0
2024-07-29,Falkland Islands,0,0
2024-07-30,Falkland Islands,0,0
2024-07-31,Falkland Islands,0,0
2024-08-01,Falkland Islands,0,0
2024-08-02,Falkland Islands,0,0
2024-08-03,Falkland Islands,0,0
2024-08-04,Falkland Islands,0,0
2024-07-26,Faroe Islands,0,0
2024-07-27,Faroe Islands,0,0
2024-07-28,Faroe Islands,0,0
2024-07-29,Faroe Islands,0,0
2024-07-30,Faroe Islands,0,0
2024-07-31,Faroe Islands,0,0
2024-08-01,Faroe Islands,0,0
2024-08-02,Faroe Islands,0,0
2024-08-03,Faroe Islands,0,0
2024-08-04,Faroe Islands,0,0
2024-07-26,Fiji,0,0
2024-07-27,Fiji,0,0
2024-07-28,Fiji,0,0
2024-07-29,Fiji,0,0
2024-07-30,Fiji,0,0
2024-07-31,Fiji,0,0
2024-08-01,Fiji,0,0
2024-08-02,Fiji,0,0
2024-08-03,Fiji,0,0
2024-08-04,Fiji,0,0
2024-07-26,Finland,0,0
2024-07-27,Finland,0,0
2024-07-28,Finland,0,0
2024-07-29,Finland,0,0
2024-07-30,Finland,0,0
2024-07-31,Finland,0,0
2024-08-01,Finland,0,0
2024-08-02,Finland,0,0
2024-08-03,Finland,0,0
2024-08-04,Finland,0,0
2024-07-26,France,0,0
2024-07-27,France,0,0
2024-07-28,France,0,0
2024-07-29,France,0,0
2024-07-30,France,0,0
2024-07-31,France,0,0
2024-08-01,France,0,0
2024-08-02,France,0,0
2024-08-03,France,0,0
2024-08-04,France,0,0
2024-07-26,French Guiana,0,0
2024-07-27,French Guiana,0,0
2024-07-28,French Guiana,0,0
2024-07-29,French Guiana,0,0
2024-07-30,French Guiana,0,0
2024-07-31,French Guiana,0,0
2024-08-01,French Guiana,0,0
2024-08-02,French Guiana,0,0
2024-08-03,French Guiana,0,0
2024-08-04,French Guiana,0,0
2024-07-26,French Polynesia,3.26485837044389,0
2024-07-27,French Polynesia,3.26485837044389,0
2024-07-28,French Polynesia,0,0
2024-07-29,French Polynesia,0,0
2024-07-30,French Polynesia,0,0
2024-07-31,French Polynesia,0,0
2024-08-01,French Polynesia,0,0
2024-08-02,French Polynesia,0,0
2024-08-03,French Polynesia,0,0
2024-08-04,French Polynesia,21.921191915837547,0
2024-07-26,Gabon,0,0
2024-07-27,Gabon,0,0
2024-07-28,Gabon,0,0
2024-07-29,Gabon,0,0
2024-07-30,Gabon,0,0
2024-07-31,Gabon,0,0
2024-08-01,Gabon,0,0
2024-08-02,Gabon,0,0
2024-08-03,Gabon,0,0
2024-08-04,Gabon,0,0
2024-07-26,Gambia,0,0
2024-07-27,Gambia,0,0
2024-07-28,Gambia,0,0
2024-07-29,Gambia,0,0
2024-07-30,Gambia,0,0
2024-07-31,Gambia,0,0
2024-08-01,Gambia,0,0
2024-08-02,Gambia,0,0
2024-08-03,Gambia,0,0
2024-08-04,Gambia,0,0
2024-07-26,Georgia,4.425674328742524,0
2024-07-27,Georgia,4.425674328742524,0
2024-07-28,Georgia,0,0
2024-07-29,Georgia,0,0
2024-07-30,Georgia,0,0
2024-07-31,Georgia,0,0
2024-08-01,Georgia,0,0
2024-08-02,Georgia,0,0
2024-08-03,Georgia,0,0
2024-08-04,Georgia,0,0
2024-07-26,Germany,0,0
2024-07-27,Germany,0,0
2024-07-28,Germany,0,0
2024-07-29,Germany,0,0
2024-07-30,Germany,0,0
2024-07-31,Germany,0,0
2024-08-01,Germany,0,0
2024-08-02,Germany,0,0
2024-08-03,Germany,0,0
2024-08-04,Germany,0,0
2024-07-26,Ghana,0.017069864694437258,0
2024-07-27,Ghana,0.017069864694437258,0
2024-07-28,Ghana,0.0042674661736093146,0
2024-07-29,Ghana,0.0042674661736093146,0
2024-07-30,Ghana,0.0042674661736093146,0
2024-07-31,Ghana,0.0042674661736093146,0
2024-08-01,Ghana,0.0042674661736093146,0
2024-08-02,Ghana,0.0042674661736093146,0
2024-08-03,Ghana,0.0042674661736093146,0
2024-08-04,Ghana,0,0
2024-07-26,Gibraltar,0,0
2024-07-27,Gibraltar,0,0
2024-07-28,Gibraltar,0,0
2024-07-29,Gibraltar,0,0
2024-07-30,Gibraltar,0,0
2024-07-31,Gibraltar,0,0
2024-08-01,Gibraltar,0,0
2024-08-02,Gibraltar,0,0
2024-08-03,Gibraltar,0,0
2024-08-04,Gibraltar,0,0
2024-07-26,Greece,74.64082302223416,0.5777579371422475
2024-07-27,Greece,74.64082302223416,0.5777579371422475
2024-07-28,Greece,84.05002371283649,0.646538643944896
2024-07-29,Greece,84.05002371283649,0.646538643944896
2024-07-30,Greece,84.05002371283649,0.646538643944896
2024-07-31,Greece,84.05002371283649,0.646538643944896
2024-08-01,Greece,84.05002371283649,0.646538643944896
2024-08-02,Greece,84.05002371283649,0.646538643944896
2024-08-03,Greece,84.05002371283649,0.646538643944896
2024-08-04,Greece,80.0332304355618,0.5502456544211881
2024-07-26,Greenland,0,0
2024-07-27,Greenland,0,0
2024-07-28,Greenland,0,0
2024-07-29,Greenland,0,0
2024-07-30,Greenland,0,0
2024-07-31,Greenland,0,0
2024-08-01,Greenland,0,0
2024-08-02,Greenland,0,0
2024-08-03,Greenland,0,0
2024-08-04,Greenland,0,0
2024-07-26,Grenada,0,0
2024-07-27,Grenada,0,0
2024-07-28,Grenada,0,0
2024-07-29,Grenada,0,0
2024-07-30,Grenada,0,0
2024-07-31,Grenada,0,0
2024-08-01,Grenada,0,0
2024-08-02,Grenada,0,0
2024-08-03,Grenada,0,0
2024-08-04,Grenada,0,0
2024-07-26,Guadeloupe,0,0
2024-07-27,Guadeloupe,0,0
2024-07-28,Guadeloupe,0,0
2024-07-29,Guadeloupe,0,0
2024-07-30,Guadeloupe,0,0
2024-07-31,Guadeloupe,0,0
2024-08-01,Guadeloupe,0,0
2024-08-02,Guadeloupe,0,0
2024-08-03,Guadeloupe,0,0
2024-08-04,Guadeloupe,0,0
2024-07-26,Guam,0,0
2024-07-27,Guam,0,0
2024-07-28,Guam,0,0
2024-07-29,Guam,0,0
2024-07-30,Guam,0,0
2024-07-31,Guam,0,0
2024-08-01,Guam,0,0
2024-08-02,Guam,0,0
2024-08-03,Guam,0,0
2024-08-04,Guam,0,0
2024-07-26,Guatemala,0.01601186184344341,0
2024-07-27,Guatemala,0.01601186184344341,0
2024-07-28,Guatemala,0.008005930921721706,0
2024-07-29,Guatemala,0.008005930921721706,0
2024-07-30,Guatemala,0.008005930921721706,0
2024-07-31,Guatemala,0.008005930921721706,0
2024-08-01,Guatemala,0.008005930921721706,0
2024-08-02,Guatemala,0.008005930921721706,0
2024-08-03,Guatemala,0.008005930921721706,0
2024-08-04,Guatemala,0.008005930921721706,0
2024-07-26,Guernsey,0,0
2024-07-27,Guernsey,0,0
2024-07-28,Guernsey,0,0
2024-07-29,Guernsey,0,0
2024-07-30,Guernsey,0,0
2024-07-31,Guernsey,0,0
2024-08-01,Guernsey,0,0
2024-08-02,Guernsey,0,0
2024-08-03,Guernsey,0,0
2024-08-04,Guernsey,0,0
2024-07-26,Guinea,0,0
2024-07-27,Guinea,0,0
2024-07-28,Guinea,0,0
2024-07-29,Guinea,0,0
2024-07-30,Guinea,0,0
2024-07-31,Guinea,0,0
2024-08-01,Guinea,0,0
2024-08-02,Guinea,0,0
2024-08-03,Guinea,0,0
2024-08-04,Guinea,0,0
2024-07-26,Guinea-Bissau,0,0
2024-07-27,Guinea-Bissau,0,0
2024-07-28,Guinea-Bissau,0,0
2024-07-29,Guinea-Bissau,0,0
2024-07-30,Guinea-Bissau,0,0
2024-07-31,Guinea-Bissau,0,0
2024-08-01,Guinea-Bissau,0,0
2024-08-02,Guinea-Bissau,0,0
2024-08-03,Guinea-Bissau,0,0
2024-08-04,Guinea-Bissau,0,0
2024-07-26,Guyana,4.239467000077194,0
2024-07-27,Guyana,4.239467000077194,0
2024-07-28,Guyana,3.0029557917213454,0
2024-07-29,Guyana,3.0029557917213454,0
2024-07-30,Guyana,3.0029557917213454,0
2024-07-31,Guyana,3.0029557917213454,0
2024-08-01,Guyana,3.0029557917213454,0
2024-08-02,Guyana,3.0029557917213454,0
2024-08-03,Guyana,3.0029557917213454,0
2024-08-04,Guyana,0.706577833346199,0
2024-07-26,Haiti,0,0
2024-07-27,Haiti,0,0
2024-07-28,Haiti,0,0
2024-07-29,Haiti,0,0
2024-07-30,Haiti,0,0
2024-07-31,Haiti,0,0
2024-08-01,Haiti,0,0
2024-08-02,Haiti,0,0
2024-08-03,Haiti,0,0
2024-08-04,Haiti,0,0
2024-07-26,High-income countries,NA,NA
2024-07-27,High-income countries,NA,NA
2024-07-28,High-income countries,NA,NA
2024-07-29,High-income countries,NA,NA
2024-07-30,High-income countries,NA,NA
2024-07-31,High-income countries,NA,NA
2024-08-01,High-income countries,NA,NA
2024-08-02,High-income countries,NA,NA
2024-08-03,High-income countries,NA,NA
2024-08-04,High-income countries,NA,NA
2024-08-05,High-income countries,NA,NA
2024-08-06,High-income countries,NA,NA
2024-08-07,High-income countries,NA,NA
2024-08-08,High-income countries,NA,NA
2024-08-09,High-income countries,NA,NA
2024-08-10,High-income countries,NA,NA
2024-08-11,High-income countries,NA,NA
2024-08-12,High-income countries,NA,NA
2024-08-13,High-income countries,NA,NA
2024-08-14,High-income countries,NA,NA
2024-07-26,High-income countries,4.312167623975419,0.08853498049066018
2024-07-27,High-income countries,4.312167623975419,0.08853498049066018
2024-07-28,High-income countries,4.77163561305082,0.09767407525098638
2024-07-29,High-income countries,4.77163561305082,0.09767407525098638
2024-07-30,High-income countries,4.77163561305082,0.09767407525098638
2024-07-31,High-income countries,4.77163561305082,0.09767407525098638
2024-08-01,High-income countries,4.77163561305082,0.09767407525098638
2024-08-02,High-income countries,4.77163561305082,0.09767407525098638
2024-08-03,High-income countries,4.77163561305082,0.09767407525098638
2024-08-04,High-income countries,3.6891098386901797,0.08979160602020504
2024-07-26,Honduras,0.05477200700216292,0
2024-07-27,Honduras,0.05477200700216292,0
2024-07-28,Honduras,0.05477200700216292,0
2024-07-29,Honduras,0.05477200700216292,0
2024-07-30,Honduras,0.05477200700216292,0
2024-07-31,Honduras,0.05477200700216292,0
2024-08-01,Honduras,0.05477200700216292,0
2024-08-02,Honduras,0.05477200700216292,0
2024-08-03,Honduras,0.05477200700216292,0
2024-08-04,Honduras,0.01369300175054073,0
2024-07-26,Hong Kong,NA,NA
2024-07-27,Hong Kong,NA,NA
2024-07-28,Hong Kong,NA,NA
2024-07-29,Hong Kong,NA,NA
2024-07-30,Hong Kong,NA,NA
2024-07-31,Hong Kong,NA,NA
2024-08-01,Hong Kong,NA,NA
2024-08-02,Hong Kong,NA,NA
2024-08-03,Hong Kong,NA,NA
2024-08-04,Hong Kong,NA,NA
2024-08-05,Hong Kong,NA,NA
2024-08-06,Hong Kong,NA,NA
2024-08-07,Hong Kong,NA,NA
2024-08-08,Hong Kong,NA,NA
2024-08-09,Hong Kong,NA,NA
2024-08-10,Hong Kong,NA,NA
2024-07-26,Hungary,0.6163007712875159,0.028665152152907717
2024-07-27,Hungary,0.6163007712875159,0.028665152152907717
2024-07-28,Hungary,0.9459500210459547,0
2024-07-29,Hungary,0.9459500210459547,0
2024-07-30,Hungary,0.9459500210459547,0
2024-07-31,Hungary,0.9459500210459547,0
2024-08-01,Hungary,0.9459500210459547,0
2024-08-02,Hungary,0.9459500210459547,0
2024-08-03,Hungary,0.9459500210459547,0
2024-08-04,Hungary,2.0495583789329017,0
2024-07-26,Iceland,22.219489480412566,0
2024-07-27,Iceland,22.219489480412566,0
2024-07-28,Iceland,12.25902867884831,0
2024-07-29,Iceland,12.25902867884831,0
2024-07-30,Iceland,12.25902867884831,0
2024-07-31,Iceland,12.25902867884831,0
2024-08-01,Iceland,12.25902867884831,0
2024-08-02,Iceland,12.25902867884831,0
2024-08-03,Iceland,12.25902867884831,0
2024-08-04,Iceland,10.343555447778263,0
2024-07-26,India,0.04435389153947745,1.0080429895335783e-4
2024-07-27,India,0.04435389153947745,1.0080429895335783e-4
2024-07-28,India,0.024495444645665956,0
2024-07-29,India,0.024495444645665956,0
2024-07-30,India,0.024495444645665956,0
2024-07-31,India,0.024495444645665956,0
2024-08-01,India,0.024495444645665956,0
2024-08-02,India,0.024495444645665956,0
2024-08-03,India,0.024495444645665956,0
2024-08-04,India,0.03155174557240101,0
2024-08-05,India,0.06310349114480202,0
2024-08-06,India,0.09465523671720301,0
2024-08-07,India,0.12620698228960403,0
2024-08-08,India,0.15775872786200504,0
2024-08-09,India,0.18931047343440602,0
2024-08-10,India,0.22086221900680703,0
2024-08-11,India,0.22086221900680703,0
2024-08-12,India,0.22086221900680703,0
2024-07-26,Indonesia,0.024889689311798264,0
2024-07-27,Indonesia,0.024889689311798264,0
2024-07-28,Indonesia,0,0
2024-07-29,Indonesia,0,0
2024-07-30,Indonesia,0,0
2024-07-31,Indonesia,0,0
2024-08-01,Indonesia,0,0
2024-08-02,Indonesia,0,0
2024-08-03,Indonesia,0,0
2024-08-04,Indonesia,0.02385261892380667,0
2024-07-26,Iran,0,0
2024-07-27,Iran,0,0
2024-07-28,Iran,0,0
2024-07-29,Iran,0,0
2024-07-30,Iran,0,0
2024-07-31,Iran,0,0
2024-08-01,Iran,0,0
2024-08-02,Iran,0,0
2024-08-03,Iran,0,0
2024-08-04,Iran,0,0
2024-07-26,Iraq,0,0
2024-07-27,Iraq,0,0
2024-07-28,Iraq,0,0
2024-07-29,Iraq,0,0
2024-07-30,Iraq,0,0
2024-07-31,Iraq,0,0
2024-08-01,Iraq,0,0
2024-08-02,Iraq,0,0
2024-08-03,Iraq,0,0
2024-08-04,Iraq,0,0
2024-07-26,Ireland,27.92807048658207,0.3412798837464204
2024-07-27,Ireland,27.92807048658207,0.3412798837464204
2024-07-28,Ireland,25.76663122285474,0.1137599612488068
2024-07-29,Ireland,25.76663122285474,0.1137599612488068
2024-07-30,Ireland,25.76663122285474,0.1137599612488068
2024-07-31,Ireland,25.76663122285474,0.1137599612488068
2024-08-01,Ireland,25.76663122285474,0.1137599612488068
2024-08-02,Ireland,25.76663122285474,0.1137599612488068
2024-08-03,Ireland,25.76663122285474,0.1137599612488068
2024-08-04,Ireland,21.642832627585495,0.25595991280981534
2024-07-26,Isle of Man,0,0
2024-07-27,Isle of Man,0,0
2024-07-28,Isle of Man,0,0
2024-07-29,Isle of Man,0,0
2024-07-30,Isle of Man,0,0
2024-07-31,Isle of Man,0,0
2024-08-01,Isle of Man,0,0
2024-08-02,Isle of Man,0,0
2024-08-03,Isle of Man,0,0
2024-08-04,Isle of Man,0,0
2024-07-26,Israel,0,0
2024-07-27,Israel,0,0
2024-07-28,Israel,0,0
2024-07-29,Israel,0,0
2024-07-30,Israel,0,0
2024-07-31,Israel,0,0
2024-08-01,Israel,0,0
2024-08-02,Israel,0,0
2024-08-03,Israel,0,0
2024-08-04,Israel,0,0
2024-07-26,Italy,27.86849874408095,0.09921059724818258
2024-07-27,Italy,27.86849874408095,0.09921059724818258
2024-07-28,Italy,37.92990516744542,0.08227220259605385
2024-07-29,Italy,37.92990516744542,0.08227220259605385
2024-07-30,Italy,37.92990516744542,0.08227220259605385
2024-07-31,Italy,37.92990516744542,0.08227220259605385
2024-08-01,Italy,37.92990516744542,0.08227220259605385
2024-08-02,Italy,37.92990516744542,0.08227220259605385
2024-08-03,Italy,37.92990516744542,0.08227220259605385
2024-08-04,Italy,15.365543720145352,0.014518623987538915
2024-08-05,Italy,30.731087440290704,0.02903724797507783
2024-08-06,Italy,46.09663116043606,0.04355587196261675
2024-08-07,Italy,61.46217488058141,0.05807449595015566
2024-07-26,Jamaica,1.5663152091126804,0.050526297068150976
2024-07-27,Jamaica,1.5663152091126804,0.050526297068150976
2024-07-28,Jamaica,1.0610522384311705,0
2024-07-29,Jamaica,1.0610522384311705,0
2024-07-30,Jamaica,1.0610522384311705,0
2024-07-31,Jamaica,1.0610522384311705,0
2024-08-01,Jamaica,1.0610522384311705,0
2024-08-02,Jamaica,1.0610522384311705,0
2024-08-03,Jamaica,1.0610522384311705,0
2024-08-04,Jamaica,0.6063155648178117,0
2024-07-26,Japan,0,0
2024-07-27,Japan,0,0
2024-07-28,Japan,0,0
2024-07-29,Japan,0,0
2024-07-30,Japan,0,0
2024-07-31,Japan,0,0
2024-08-01,Japan,0,0
2024-08-02,Japan,0,0
2024-08-03,Japan,0,0
2024-08-04,Japan,0,0
2024-07-26,Jersey,0,0
2024-07-27,Jersey,0,0
2024-07-28,Jersey,0,0
2024-07-29,Jersey,0,0
2024-07-30,Jersey,0,0
2024-07-31,Jersey,0,0
2024-08-01,Jersey,0,0
2024-08-02,Jersey,0,0
2024-08-03,Jersey,0,0
2024-08-04,Jersey,0,0
2024-07-26,Jordan,0,0
2024-07-27,Jordan,0,0
2024-07-28,Jordan,0,0
2024-07-29,Jordan,0,0
2024-07-30,Jordan,0,0
2024-07-31,Jordan,0,0
2024-08-01,Jordan,0,0
2024-08-02,Jordan,0,0
2024-08-03,Jordan,0,0
2024-08-04,Jordan,0,0
2024-07-26,Kazakhstan,0,0
2024-07-27,Kazakhstan,0,0
2024-07-28,Kazakhstan,0,0
2024-07-29,Kazakhstan,0,0
2024-07-30,Kazakhstan,0,0
2024-07-31,Kazakhstan,0,0
2024-08-01,Kazakhstan,0,0
2024-08-02,Kazakhstan,0,0
2024-08-03,Kazakhstan,0,0
2024-08-04,Kazakhstan,0,0
2024-07-26,Kenya,0.0026441568675887785,0
2024-07-27,Kenya,0.0026441568675887785,0
2024-07-28,Kenya,0,0
2024-07-29,Kenya,0,0
2024-07-30,Kenya,0,0
2024-07-31,Kenya,0,0
2024-08-01,Kenya,0,0
2024-08-02,Kenya,0,0
2024-08-03,Kenya,0,0
2024-08-04,Kenya,0,0
2024-07-26,Kiribati,0,0
2024-07-27,Kiribati,0,0
2024-07-28,Kiribati,0,0
2024-07-29,Kiribati,0,0
2024-07-30,Kiribati,0,0
2024-07-31,Kiribati,0,0
2024-08-01,Kiribati,0,0
2024-08-02,Kiribati,0,0
2024-08-03,Kiribati,0,0
2024-08-04,Kiribati,0,0
2024-07-26,Kosovo,0,0
2024-07-27,Kosovo,0,0
2024-07-28,Kosovo,0,0
2024-07-29,Kosovo,0,0
2024-07-30,Kosovo,0,0
2024-07-31,Kosovo,0,0
2024-08-01,Kosovo,0,0
2024-08-02,Kosovo,0,0
2024-08-03,Kosovo,0,0
2024-08-04,Kosovo,0,0
2024-07-26,Kuwait,0,0
2024-07-27,Kuwait,0,0
2024-07-28,Kuwait,0,0
2024-07-29,Kuwait,0,0
2024-07-30,Kuwait,0,0
2024-07-31,Kuwait,0,0
2024-08-01,Kuwait,0,0
2024-08-02,Kuwait,0,0
2024-08-03,Kuwait,0,0
2024-08-04,Kuwait,0,0
2024-07-26,Kyrgyzstan,0,0
2024-07-27,Kyrgyzstan,0,0
2024-07-28,Kyrgyzstan,0,0
2024-07-29,Kyrgyzstan,0,0
2024-07-30,Kyrgyzstan,0,0
2024-07-31,Kyrgyzstan,0,0
2024-08-01,Kyrgyzstan,0,0
2024-08-02,Kyrgyzstan,0,0
2024-08-03,Kyrgyzstan,0,0
2024-08-04,Kyrgyzstan,0,0
2024-07-26,Laos,0,0
2024-07-27,Laos,0,0
2024-07-28,Laos,0,0
2024-07-29,Laos,0,0
2024-07-30,Laos,0,0
2024-07-31,Laos,0,0
2024-08-01,Laos,0,0
2024-08-02,Laos,0,0
2024-08-03,Laos,0,0
2024-08-04,Laos,0,0
2024-07-26,Latvia,0,0
2024-07-27,Latvia,0,0
2024-07-28,Latvia,0,0
2024-07-29,Latvia,0,0
2024-07-30,Latvia,0,0
2024-07-31,Latvia,0,0
2024-08-01,Latvia,0,0
2024-08-02,Latvia,0,0
2024-08-03,Latvia,0,0
2024-08-04,Latvia,0,0
2024-07-26,Lebanon,0,0
2024-07-27,Lebanon,0,0
2024-07-28,Lebanon,0,0
2024-07-29,Lebanon,0,0
2024-07-30,Lebanon,0,0
2024-07-31,Lebanon,0,0
2024-08-01,Lebanon,0,0
2024-08-02,Lebanon,0,0
2024-08-03,Lebanon,0,0
2024-08-04,Lebanon,0,0
2024-07-26,Lesotho,0,0
2024-07-27,Lesotho,0,0
2024-07-28,Lesotho,0,0
2024-07-29,Lesotho,0,0
2024-07-30,Lesotho,0,0
2024-07-31,Lesotho,0,0
2024-08-01,Lesotho,0,0
2024-08-02,Lesotho,0,0
2024-08-03,Lesotho,0,0
2024-08-04,Lesotho,0,0
2024-07-26,Liberia,0,0
2024-07-27,Liberia,0,0
2024-07-28,Liberia,0,0
2024-07-29,Liberia,0,0
2024-07-30,Liberia,0,0
2024-07-31,Liberia,0,0
2024-08-01,Liberia,0,0
2024-08-02,Liberia,0,0
2024-08-03,Liberia,0,0
2024-08-04,Liberia,0,0
2024-07-26,Libya,0,0
2024-07-27,Libya,0,0
2024-07-28,Libya,0,0
2024-07-29,Libya,0,0
2024-07-30,Libya,0,0
2024-07-31,Libya,0,0
2024-08-01,Libya,0,0
2024-08-02,Libya,0,0
2024-08-03,Libya,0,0
2024-08-04,Libya,0,0
2024-07-26,Liechtenstein,10.88988511171207,0
2024-07-27,Liechtenstein,10.88988511171207,0
2024-07-28,Liechtenstein,3.6299617039040237,0
2024-07-29,Liechtenstein,3.6299617039040237,0
2024-07-30,Liechtenstein,3.6299617039040237,0
2024-07-31,Liechtenstein,3.6299617039040237,0
2024-08-01,Liechtenstein,3.6299617039040237,0
2024-08-02,Liechtenstein,3.6299617039040237,0
2024-08-03,Liechtenstein,3.6299617039040237,0
2024-08-04,Liechtenstein,0,0
2024-07-26,Lithuania,18.02559384981283,0
2024-07-27,Lithuania,18.02559384981283,0
2024-07-28,Lithuania,33.66162770800782,0.051946956339518235
2024-07-29,Lithuania,33.66162770800782,0.051946956339518235
2024-07-30,Lithuania,33.66162770800782,0.051946956339518235
2024-07-31,Lithuania,33.66162770800782,0.051946956339518235
2024-08-01,Lithuania,33.66162770800782,0.051946956339518235
2024-08-02,Lithuania,33.66162770800782,0.051946956339518235
2024-08-03,Lithuania,33.66162770800782,0.051946956339518235
2024-08-04,Lithuania,41.92119376599122,0
2024-08-05,Lithuania,83.84238753198244,0
2024-08-06,Lithuania,125.76358129797364,0
2024-08-07,Lithuania,167.68477506396488,0
2024-08-08,Lithuania,209.6059688299561,0
2024-08-09,Lithuania,251.5271625959473,0
2024-08-10,Lithuania,293.4483563619385,0
2024-08-11,Lithuania,293.4483563619385,0
2024-08-12,Lithuania,293.4483563619385,0
2024-08-13,Lithuania,293.4483563619385,0
2024-08-14,Lithuania,293.4483563619385,0
2024-07-26,Low-income countries,0.00987752967166336,7.747082095422242e-4
2024-07-27,Low-income countries,0.00987752967166336,7.747082095422242e-4
2024-07-28,Low-income countries,0.007359727990651131,0
2024-07-29,Low-income countries,0.007359727990651131,0
2024-07-30,Low-income countries,0.007359727990651131,0
2024-07-31,Low-income countries,0.007359727990651131,0
2024-08-01,Low-income countries,0.007359727990651131,0
2024-08-02,Low-income countries,0.007359727990651131,0
2024-08-03,Low-income countries,0.007359727990651131,0
2024-08-04,Low-income countries,0,0
2024-07-26,Lower-middle-income countries,NA,NA
2024-07-27,Lower-middle-income countries,NA,NA
2024-07-28,Lower-middle-income countries,NA,NA
2024-07-29,Lower-middle-income countries,NA,NA
2024-07-30,Lower-middle-income countries,NA,NA
2024-07-31,Lower-middle-income countries,NA,NA
2024-08-01,Lower-middle-income countries,NA,NA
2024-08-02,Lower-middle-income countries,NA,NA
2024-08-03,Lower-middle-income countries,NA,NA
2024-08-04,Lower-middle-income countries,NA,NA
2024-08-05,Lower-middle-income countries,NA,NA
2024-08-06,Lower-middle-income countries,NA,NA
2024-08-07,Lower-middle-income countries,NA,NA
2024-08-08,Lower-middle-income countries,NA,NA
2024-08-09,Lower-middle-income countries,NA,NA
2024-08-10,Lower-middle-income countries,NA,NA
2024-08-11,Lower-middle-income countries,NA,NA
2024-08-12,Lower-middle-income countries,NA,NA
2024-07-26,Lower-middle-income countries,0.027929611103141763,3.7461475399146925e-4
2024-07-27,Lower-middle-income countries,0.027929611103141763,3.7461475399146925e-4
2024-07-28,Lower-middle-income countries,0.020437316023312377,4.162386155460769e-5
2024-07-29,Lower-middle-income countries,0.020437316023312377,4.162386155460769e-5
2024-07-30,Lower-middle-income countries,0.020437316023312377,4.162386155460769e-5
2024-07-31,Lower-middle-income countries,0.020437316023312377,4.162386155460769e-5
2024-08-01,Lower-middle-income countries,0.020437316023312377,4.162386155460769e-5
2024-08-02,Lower-middle-income countries,0.020437316023312377,4.162386155460769e-5
2024-08-03,Lower-middle-income countries,0.020437316023312377,4.162386155460769e-5
2024-08-04,Lower-middle-income countries,0.0248910692096554,0
2024-07-26,Luxembourg,68.60485303230142,0
2024-07-27,Luxembourg,68.60485303230142,0
2024-07-28,Luxembourg,46.76600914099003,0
2024-07-29,Luxembourg,46.76600914099003,0
2024-07-30,Luxembourg,46.76600914099003,0
2024-07-31,Luxembourg,46.76600914099003,0
2024-08-01,Luxembourg,46.76600914099003,0
2024-08-02,Luxembourg,46.76600914099003,0
2024-08-03,Luxembourg,46.76600914099003,0
2024-08-04,Luxembourg,41.91293272069861,0
2024-07-26,Madagascar,0.009648689944780837,0.0048243449723904186
2024-07-27,Madagascar,0.009648689944780837,0.0048243449723904186
2024-07-28,Madagascar,0.0048243449723904186,0
2024-07-29,Madagascar,0.0048243449723904186,0
2024-07-30,Madagascar,0.0048243449723904186,0
2024-07-31,Madagascar,0.0048243449723904186,0
2024-08-01,Madagascar,0.0048243449723904186,0
2024-08-02,Madagascar,0.0048243449723904186,0
2024-08-03,Madagascar,0.0048243449723904186,0
2024-08-04,Madagascar,0,0
2024-07-26,Malawi,0,0
2024-07-27,Malawi,0,0
2024-07-28,Malawi,0,0
2024-07-29,Malawi,0,0
2024-07-30,Malawi,0,0
2024-07-31,Malawi,0,0
2024-08-01,Malawi,0,0
2024-08-02,Malawi,0,0
2024-08-03,Malawi,0,0
2024-08-04,Malawi,0,0
2024-07-26,Malaysia,8.351310258281446,0
2024-07-27,Malaysia,8.351310258281446,0
2024-07-28,Malaysia,6.27611068301292,0
2024-07-29,Malaysia,6.27611068301292,0
2024-07-30,Malaysia,6.27611068301292,0
2024-07-31,Malaysia,6.27611068301292,0
2024-08-01,Malaysia,6.27611068301292,0
2024-08-02,Malaysia,6.27611068301292,0
2024-08-03,Malaysia,6.27611068301292,0
2024-08-04,Malaysia,4.567122797497665,0
2024-08-05,Malaysia,9.13424559499533,0
2024-08-06,Malaysia,13.701368392492995,0
2024-08-07,Malaysia,18.26849118999066,0
2024-08-08,Malaysia,22.835613987488326,0
2024-08-09,Malaysia,27.40273678498599,0
2024-08-10,Malaysia,31.969859582483654,0
2024-08-11,Malaysia,31.969859582483654,0
2024-08-12,Malaysia,31.969859582483654,0
2024-08-13,Malaysia,31.969859582483654,0
2024-08-14,Malaysia,31.969859582483654,0
2024-07-26,Maldives,0,0
2024-07-27,Maldives,0,0
2024-07-28,Maldives,0,0
2024-07-29,Maldives,0,0
2024-07-30,Maldives,0,0
2024-07-31,Maldives,0,0
2024-08-01,Maldives,0,0
2024-08-02,Maldives,0,0
2024-08-03,Maldives,0,0
2024-08-04,Maldives,0,0
2024-07-26,Mali,0,0
2024-07-27,Mali,0,0
2024-07-28,Mali,0,0
2024-07-29,Mali,0,0
2024-07-30,Mali,0,0
2024-07-31,Mali,0,0
2024-08-01,Mali,0,0
2024-08-02,Mali,0,0
2024-08-03,Mali,0,0
2024-08-04,Mali,0,0
2024-07-26,Malta,55.718499425804794,0.5357548021711999
2024-07-27,Malta,55.718499425804794,0.5357548021711999
2024-07-28,Malta,37.23495875089839,0.8036322032567998
2024-07-29,Malta,37.23495875089839,0.8036322032567998
2024-07-30,Malta,37.23495875089839,0.8036322032567998
2024-07-31,Malta,37.23495875089839,0.8036322032567998
2024-08-01,Malta,37.23495875089839,0.8036322032567998
2024-08-02,Malta,37.23495875089839,0.8036322032567998
2024-08-03,Malta,37.23495875089839,0.8036322032567998
2024-08-04,Malta,21.430192086847995,0.26787740108559993
2024-07-26,Marshall Islands,0,0
2024-07-27,Marshall Islands,0,0
2024-07-28,Marshall Islands,154.55897455272353,0
2024-07-29,Marshall Islands,154.55897455272353,0
2024-07-30,Marshall Islands,154.55897455272353,0
2024-07-31,Marshall Islands,154.55897455272353,0
2024-08-01,Marshall Islands,154.55897455272353,0
2024-08-02,Marshall Islands,154.55897455272353,0
2024-08-03,Marshall Islands,154.55897455272353,0
2024-08-04,Marshall Islands,0,0
2024-07-26,Martinique,0,0
2024-07-27,Martinique,0,0
2024-07-28,Martinique,0,0
2024-07-29,Martinique,0,0
2024-07-30,Martinique,0,0
2024-07-31,Martinique,0,0
2024-08-01,Martinique,0,0
2024-08-02,Martinique,0,0
2024-08-03,Martinique,0,0
2024-08-04,Martinique,0,0
2024-07-26,Mauritania,0.09048948840923159,0
2024-07-27,Mauritania,0.09048948840923159,0
2024-07-28,Mauritania,0,0
2024-07-29,Mauritania,0,0
2024-07-30,Mauritania,0,0
2024-07-31,Mauritania,0,0
2024-08-01,Mauritania,0,0
2024-08-02,Mauritania,0,0
2024-08-03,Mauritania,0,0
2024-08-04,Mauritania,0,0
2024-07-26,Mauritius,0,0
2024-07-27,Mauritius,0,0
2024-07-28,Mauritius,0,0
2024-07-29,Mauritius,0,0
2024-07-30,Mauritius,0,0
2024-07-31,Mauritius,0,0
2024-08-01,Mauritius,0,0
2024-08-02,Mauritius,0,0
2024-08-03,Mauritius,0,0
2024-08-04,Mauritius,0,0
2024-07-26,Mayotte,0,0
2024-07-27,Mayotte,0,0
2024-07-28,Mayotte,0,0
2024-07-29,Mayotte,0,0
2024-07-30,Mayotte,0,0
2024-07-31,Mayotte,0,0
2024-08-01,Mayotte,0,0
2024-08-02,Mayotte,0,0
2024-08-03,Mayotte,0,0
2024-08-04,Mayotte,0,0
2024-07-26,Mexico,1.0800771435016039,0.012324531720453986
2024-07-27,Mexico,1.0800771435016039,0.012324531720453986
2024-07-28,Mexico,0.9635542981445844,0.010083707771280535
2024-07-29,Mexico,0.9635542981445844,0.010083707771280535
2024-07-30,Mexico,0.9635542981445844,0.010083707771280535
2024-07-31,Mexico,0.9635542981445844,0.010083707771280535
2024-08-01,Mexico,0.9635542981445844,0.010083707771280535
2024-08-02,Mexico,0.9635542981445844,0.010083707771280535
2024-08-03,Mexico,0.9635542981445844,0.010083707771280535
2024-08-04,Mexico,0.3809400713594868,0
2024-07-26,Micronesia (country),0,0
2024-07-27,Micronesia (country),0,0
2024-07-28,Micronesia (country),0,0
2024-07-29,Micronesia (country),0,0
2024-07-30,Micronesia (country),0,0
2024-07-31,Micronesia (country),0,0
2024-08-01,Micronesia (country),0,0
2024-08-02,Micronesia (country),0,0
2024-08-03,Micronesia (country),0,0
2024-08-04,Micronesia (country),0,0
2024-07-26,Moldova,11.130048682832939,0.04364724973659976
2024-07-27,Moldova,11.130048682832939,0.04364724973659976
2024-07-28,Moldova,22.303744615402476,0.08729449947319952
2024-07-29,Moldova,22.303744615402476,0.08729449947319952
2024-07-30,Moldova,22.303744615402476,0.08729449947319952
2024-07-31,Moldova,22.303744615402476,0.08729449947319952
2024-08-01,Moldova,22.303744615402476,0.08729449947319952
2024-08-02,Moldova,22.303744615402476,0.08729449947319952
2024-08-03,Moldova,22.303744615402476,0.08729449947319952
2024-08-04,Moldova,32.429906554293616,0.08729449947319952
2024-07-26,Monaco,0,0
2024-07-27,Monaco,0,0
2024-07-28,Monaco,0,0
2024-07-29,Monaco,0,0
2024-07-30,Monaco,0,0
2024-07-31,Monaco,0,0
2024-08-01,Monaco,0,0
2024-08-02,Monaco,0,0
2024-08-03,Monaco,0,0
2024-08-04,Monaco,0,0
2024-07-26,Mongolia,0,0
2024-07-27,Mongolia,0,0
2024-07-28,Mongolia,0,0
2024-07-29,Mongolia,0,0
2024-07-30,Mongolia,0,0
2024-07-31,Mongolia,0,0
2024-08-01,Mongolia,0,0
2024-08-02,Mongolia,0,0
2024-08-03,Mongolia,0,0
2024-08-04,Mongolia,0,0
2024-07-26,Montenegro,0,0
2024-07-27,Montenegro,0,0
2024-07-28,Montenegro,0,0
2024-07-29,Montenegro,0,0
2024-07-30,Montenegro,0,0
2024-07-31,Montenegro,0,0
2024-08-01,Montenegro,0,0
2024-08-02,Montenegro,0,0
2024-08-03,Montenegro,0,0
2024-08-04,Montenegro,0,0
2024-07-26,Montserrat,0,0
2024-07-27,Montserrat,0,0
2024-07-28,Montserrat,0,0
2024-07-29,Montserrat,0,0
2024-07-30,Montserrat,0,0
2024-07-31,Montserrat,0,0
2024-08-01,Montserrat,0,0
2024-08-02,Montserrat,0,0
2024-08-03,Montserrat,0,0
2024-08-04,Montserrat,0,0
2024-07-26,Morocco,0,0
2024-07-27,Morocco,0,0
2024-07-28,Morocco,0,0
2024-07-29,Morocco,0,0
2024-07-30,Morocco,0,0
2024-07-31,Morocco,0,0
2024-08-01,Morocco,0,0
2024-08-02,Morocco,0,0
2024-08-03,Morocco,0,0
2024-08-04,Morocco,0,0
2024-07-26,Mozambique,0.004333006451326645,0
2024-07-27,Mozambique,0.004333006451326645,0
2024-07-28,Mozambique,0.004333006451326645,0
2024-07-29,Mozambique,0.004333006451326645,0
2024-07-30,Mozambique,0.004333006451326645,0
2024-07-31,Mozambique,0.004333006451326645,0
2024-08-01,Mozambique,0.004333006451326645,0
2024-08-02,Mozambique,0.004333006451326645,0
2024-08-03,Mozambique,0.004333006451326645,0
2024-08-04,Mozambique,0,0
2024-07-26,Myanmar,0.052734941653427736,0
2024-07-27,Myanmar,0.052734941653427736,0
2024-07-28,Myanmar,0.052734941653427736,0
2024-07-29,Myanmar,0.052734941653427736,0
2024-07-30,Myanmar,0.052734941653427736,0
2024-07-31,Myanmar,0.052734941653427736,0
2024-08-01,Myanmar,0.052734941653427736,0
2024-08-02,Myanmar,0.052734941653427736,0
2024-08-03,Myanmar,0.052734941653427736,0
2024-08-04,Myanmar,0.06855542414945605,0
2024-07-26,Namibia,0.3339052759704845,0
2024-07-27,Namibia,0.3339052759704845,0
2024-07-28,Namibia,0.05565087932841409,0
2024-07-29,Namibia,0.05565087932841409,0
2024-07-30,Namibia,0.05565087932841409,0
2024-07-31,Namibia,0.05565087932841409,0
2024-08-01,Namibia,0.05565087932841409,0
2024-08-02,Namibia,0.05565087932841409,0
2024-08-03,Namibia,0.05565087932841409,0
2024-08-04,Namibia,0,0
2024-07-26,Nauru,0,0
2024-07-27,Nauru,0,0
2024-07-28,Nauru,0,0
2024-07-29,Nauru,0,0
2024-07-30,Nauru,0,0
2024-07-31,Nauru,0,0
2024-08-01,Nauru,0,0
2024-08-02,Nauru,0,0
2024-08-03,Nauru,0,0
2024-08-04,Nauru,0,0
2024-07-26,Nepal,0,0
2024-07-27,Nepal,0,0
2024-07-28,Nepal,0,0
2024-07-29,Nepal,0,0
2024-07-30,Nepal,0,0
2024-07-31,Nepal,0,0
2024-08-01,Nepal,0,0
2024-08-02,Nepal,0,0
2024-08-03,Nepal,0,0
2024-08-04,Nepal,0,0
2024-07-26,Netherlands,3.969153173037022,0
2024-07-27,Netherlands,3.969153173037022,0
2024-07-28,Netherlands,3.660079770218566,0
2024-07-29,Netherlands,3.660079770218566,0
2024-07-30,Netherlands,3.660079770218566,0
2024-07-31,Netherlands,3.660079770218566,0
2024-08-01,Netherlands,3.660079770218566,0
2024-08-02,Netherlands,3.660079770218566,0
2024-08-03,Netherlands,3.660079770218566,0
2024-08-04,Netherlands,3.1151345599860236,0
2024-07-26,New Caledonia,0,0
2024-07-27,New Caledonia,0,0
2024-07-28,New Caledonia,0,0
2024-07-29,New Caledonia,0,0
2024-07-30,New Caledonia,0,0
2024-07-31,New Caledonia,0,0
2024-08-01,New Caledonia,0,0
2024-08-02,New Caledonia,0,0
2024-08-03,New Caledonia,0,0
2024-08-04,New Caledonia,0,0
2024-07-26,New Zealand,62.29160997583741,0.8265140642525972
2024-07-27,New Zealand,62.29160997583741,0.8265140642525972
2024-07-28,New Zealand,57.057020902237625,0.6061103137852379
2024-07-29,New Zealand,57.057020902237625,0.6061103137852379
2024-07-30,New Zealand,57.057020902237625,0.6061103137852379
2024-07-31,New Zealand,57.057020902237625,0.6061103137852379
2024-08-01,New Zealand,57.057020902237625,0.6061103137852379
2024-08-02,New Zealand,57.057020902237625,0.6061103137852379
2024-08-03,New Zealand,57.057020902237625,0.6061103137852379
2024-08-04,New Zealand,47.66231103856644,0.4408075009347185
2024-08-05,New Zealand,95.32462207713289,0.881615001869437
2024-08-06,New Zealand,142.98693311569932,1.3224225028041554
2024-08-07,New Zealand,190.64924415426577,1.763230003738874
2024-08-08,New Zealand,238.31155519283223,2.2040375046735927
2024-08-09,New Zealand,285.97386623139863,2.644845005608311
2024-08-10,New Zealand,333.63617726996506,3.08565250654303
2024-08-11,New Zealand,333.63617726996506,3.08565250654303
2024-07-26,Nicaragua,0.08223893020310034,0
2024-07-27,Nicaragua,0.08223893020310034,0
2024-07-28,Nicaragua,0.08223893020310034,0
2024-07-29,Nicaragua,0.08223893020310034,0
2024-07-30,Nicaragua,0.08223893020310034,0
2024-07-31,Nicaragua,0.08223893020310034,0
2024-08-01,Nicaragua,0.08223893020310034,0
2024-08-02,Nicaragua,0.08223893020310034,0
2024-08-03,Nicaragua,0.08223893020310034,0
2024-08-04,Nicaragua,0.04111946510155017,0
2024-07-26,Niger,0,0
2024-07-27,Niger,0,0
2024-07-28,Niger,0,0
2024-07-29,Niger,0,0
2024-07-30,Niger,0,0
2024-07-31,Niger,0,0
2024-08-01,Niger,0,0
2024-08-02,Niger,0,0
2024-08-03,Niger,0,0
2024-08-04,Niger,0,0
2024-07-26,Nigeria,0,0
2024-07-27,Nigeria,0,0
2024-07-28,Nigeria,0,0
2024-07-29,Nigeria,0,0
2024-07-30,Nigeria,0,0
2024-07-31,Nigeria,0,0
2024-08-01,Nigeria,0,0
2024-08-02,Nigeria,0,0
2024-08-03,Nigeria,0,0
2024-08-04,Nigeria,0,0
2024-07-26,Niue,0,0
2024-07-27,Niue,0,0
2024-07-28,Niue,0,0
2024-07-29,Niue,0,0
2024-07-30,Niue,0,0
2024-07-31,Niue,0,0
2024-08-01,Niue,0,0
2024-08-02,Niue,0,0
2024-08-03,Niue,0,0
2024-08-04,Niue,0,0
2024-07-26,North America,0.4561824936663171,0.14016248762100197
2024-07-27,North America,0.4561824936663171,0.14016248762100197
2024-07-28,North America,0.32815631651844096,0.1522987980941278
2024-07-29,North America,0.32815631651844096,0.1522987980941278
2024-07-30,North America,0.32815631651844096,0.1522987980941278
2024-07-31,North America,0.32815631651844096,0.1522987980941278
2024-08-01,North America,0.32815631651844096,0.1522987980941278
2024-08-02,North America,0.32815631651844096,0.1522987980941278
2024-08-03,North America,0.32815631651844096,0.1522987980941278
2024-08-04,North America,0.10803695989802191,0.1473014937816642
2024-07-26,North Korea,0,0
2024-07-27,North Korea,0,0
2024-07-28,North Korea,0,0
2024-07-29,North Korea,0,0
2024-07-30,North Korea,0,0
2024-07-31,North Korea,0,0
2024-08-01,North Korea,0,0
2024-08-02,North Korea,0,0
2024-08-03,North Korea,0,0
2024-08-04,North Korea,0,0
2024-07-26,North Macedonia,4.162333177439171,0
2024-07-27,North Macedonia,4.162333177439171,0
2024-07-28,North Macedonia,5.322327669512384,0.06823497012195363
2024-07-29,North Macedonia,5.322327669512384,0.06823497012195363
2024-07-30,North Macedonia,5.322327669512384,0.06823497012195363
2024-07-31,North Macedonia,5.322327669512384,0.06823497012195363
2024-08-01,North Macedonia,5.322327669512384,0.06823497012195363
2024-08-02,North Macedonia,5.322327669512384,0.06823497012195363
2024-08-03,North Macedonia,5.322327669512384,0.06823497012195363
2024-08-04,North Macedonia,7.915256534146622,0
2024-07-26,Northern Mariana Islands,167.13830406491883,0
2024-07-27,Northern Mariana Islands,167.13830406491883,0
2024-07-28,Northern Mariana Islands,126.79457549752462,0
2024-07-29,Northern Mariana Islands,126.79457549752462,0
2024-07-30,Northern Mariana Islands,126.79457549752462,0
2024-07-31,Northern Mariana Islands,126.79457549752462,0
2024-08-01,Northern Mariana Islands,126.79457549752462,0
2024-08-02,Northern Mariana Islands,126.79457549752462,0
2024-08-03,Northern Mariana Islands,126.79457549752462,0
2024-08-04,Northern Mariana Islands,89.33254182780145,0
2024-07-26,Norway,17.323747561399934,0
2024-07-27,Norway,17.323747561399934,0
2024-07-28,Norway,17.928370010432104,0
2024-07-29,Norway,17.928370010432104,0
2024-07-30,Norway,17.928370010432104,0
2024-07-31,Norway,17.928370010432104,0
2024-08-01,Norway,17.928370010432104,0
2024-08-02,Norway,17.928370010432104,0
2024-08-03,Norway,17.928370010432104,0
2024-08-04,Norway,19.58450976212891,0
2024-07-26,Oceania,7.38727147432874,0.09515592281230666
2024-07-27,Oceania,7.38727147432874,0.09515592281230666
2024-07-28,Oceania,6.8512264424860785,0.0697810100623582
2024-07-29,Oceania,6.8512264424860785,0.0697810100623582
2024-07-30,Oceania,6.8512264424860785,0.0697810100623582
2024-07-31,Oceania,6.8512264424860785,0.0697810100623582
2024-08-01,Oceania,6.8512264424860785,0.0697810100623582
2024-08-02,Oceania,6.8512264424860785,0.0697810100623582
2024-08-03,Oceania,6.8512264424860785,0.0697810100623582
2024-08-04,Oceania,5.737902145582091,0.05074982549989688
2024-08-05,Oceania,11.475804291164183,0.10149965099979376
2024-08-06,Oceania,17.213706436746275,0.15224947649969064
2024-08-07,Oceania,22.951608582328365,0.20299930199958752
2024-08-08,Oceania,28.689510727910456,0.2537491274994844
2024-08-09,Oceania,34.42741287349255,0.3044989529993813
2024-08-10,Oceania,40.16531501907464,0.35524877849927816
2024-08-11,Oceania,40.16531501907464,0.35524877849927816
2024-07-26,Oman,0,0
2024-07-27,Oman,0,0
2024-07-28,Oman,0,0
2024-07-29,Oman,0,0
2024-07-30,Oman,0,0
2024-07-31,Oman,0,0
2024-08-01,Oman,0,0
2024-08-02,Oman,0,0
2024-08-03,Oman,0,0
2024-08-04,Oman,0,0
2024-07-26,Pakistan,0,0
2024-07-27,Pakistan,0,0
2024-07-28,Pakistan,0,0
2024-07-29,Pakistan,0,0
2024-07-30,Pakistan,0,0
2024-07-31,Pakistan,0,0
2024-08-01,Pakistan,0,0
2024-08-02,Pakistan,0,0
2024-08-03,Pakistan,0,0
2024-08-04,Pakistan,0,0
2024-07-26,Palau,0,0
2024-07-27,Palau,0,0
2024-07-28,Palau,0,0
2024-07-29,Palau,0,0
2024-07-30,Palau,0,0
2024-07-31,Palau,0,0
2024-08-01,Palau,0,0
2024-08-02,Palau,0,0
2024-08-03,Palau,0,0
2024-08-04,Palau,0,0
2024-07-26,Palestine,0,0
2024-07-27,Palestine,0,0
2024-07-28,Palestine,0,0
2024-07-29,Palestine,0,0
2024-07-30,Palestine,0,0
2024-07-31,Palestine,0,0
2024-08-01,Palestine,0,0
2024-08-02,Palestine,0,0
2024-08-03,Palestine,0,0
2024-08-04,Palestine,0,0
2024-07-26,Panama,1.7498337819928753,0.1620216464808218
2024-07-27,Panama,1.7498337819928753,0.1620216464808218
2024-07-28,Panama,1.166555854661917,0.3240432929616436
2024-07-29,Panama,1.166555854661917,0.3240432929616436
2024-07-30,Panama,1.166555854661917,0.3240432929616436
2024-07-31,Panama,1.166555854661917,0.3240432929616436
2024-08-01,Panama,1.166555854661917,0.3240432929616436
2024-08-02,Panama,1.166555854661917,0.3240432929616436
2024-08-03,Panama,1.166555854661917,0.3240432929616436
2024-08-04,Panama,0,0
2024-07-26,Papua New Guinea,0,0
2024-07-27,Papua New Guinea,0,0
2024-07-28,Papua New Guinea,0,0
2024-07-29,Papua New Guinea,0,0
2024-07-30,Papua New Guinea,0,0
2024-07-31,Papua New Guinea,0,0
2024-08-01,Papua New Guinea,0,0
2024-08-02,Papua New Guinea,0,0
2024-08-03,Papua New Guinea,0,0
2024-08-04,Papua New Guinea,0,0
2024-07-26,Paraguay,0,0
2024-07-27,Paraguay,0,0
2024-07-28,Paraguay,0,0
2024-07-29,Paraguay,0,0
2024-07-30,Paraguay,0,0
2024-07-31,Paraguay,0,0
2024-08-01,Paraguay,0,0
2024-08-02,Paraguay,0,0
2024-08-03,Paraguay,0,0
2024-08-04,Paraguay,0,0
2024-07-26,Peru,0,0
2024-07-27,Peru,0,0
2024-07-28,Peru,0,0
2024-07-29,Peru,0,0
2024-07-30,Peru,0,0
2024-07-31,Peru,0,0
2024-08-01,Peru,0,0
2024-08-02,Peru,0,0
2024-08-03,Peru,0,0
2024-08-04,Peru,0,0
2024-07-26,Philippines,0,0
2024-07-27,Philippines,0,0
2024-07-28,Philippines,0,0
2024-07-29,Philippines,0,0
2024-07-30,Philippines,0,0
2024-07-31,Philippines,0,0
2024-08-01,Philippines,0,0
2024-08-02,Philippines,0,0
2024-08-03,Philippines,0,0
2024-08-04,Philippines,0,0
2024-07-26,Pitcairn,0,0
2024-07-27,Pitcairn,0,0
2024-07-28,Pitcairn,0,0
2024-07-29,Pitcairn,0,0
2024-07-30,Pitcairn,0,0
2024-07-31,Pitcairn,0,0
2024-08-01,Pitcairn,0,0
2024-08-02,Pitcairn,0,0
2024-08-03,Pitcairn,0,0
2024-08-04,Pitcairn,0,0
2024-07-26,Poland,3.275985569147368,0
2024-07-27,Poland,3.275985569147368,0
2024-07-28,Poland,6.08960556015468,0.014336917151629616
2024-07-29,Poland,6.08960556015468,0.014336917151629616
2024-07-30,Poland,6.08960556015468,0.014336917151629616
2024-07-31,Poland,6.08960556015468,0.014336917151629616
2024-08-01,Poland,6.08960556015468,0.014336917151629616
2024-08-02,Poland,6.08960556015468,0.014336917151629616
2024-08-03,Poland,6.08960556015468,0.014336917151629616
2024-08-04,Poland,8.827956736115937,0.014336917151629616
2024-07-26,Portugal,24.43807756256367,0.8067208301813847
2024-07-27,Portugal,24.43807756256367,0.8067208301813847
2024-07-28,Portugal,19.79247829910535,0.8901747091656658
2024-07-29,Portugal,19.79247829910535,0.8901747091656658
2024-07-30,Portugal,19.79247829910535,0.8901747091656658
2024-07-31,Portugal,19.79247829910535,0.8901747091656658
2024-08-01,Portugal,19.79247829910535,0.8901747091656658
2024-08-02,Portugal,19.79247829910535,0.8901747091656658
2024-08-03,Portugal,19.79247829910535,0.8901747091656658
2024-08-04,Portugal,14.673973721402774,0.6954489915356765
2024-07-26,Puerto Rico,0,0
2024-07-27,Puerto Rico,0,0
2024-07-28,Puerto Rico,0,0
2024-07-29,Puerto Rico,0,0
2024-07-30,Puerto Rico,0,0
2024-07-31,Puerto Rico,0,0
2024-08-01,Puerto Rico,0,0
2024-08-02,Puerto Rico,0,0
2024-08-03,Puerto Rico,0,0
2024-08-04,Puerto Rico,0,0
2024-07-26,Qatar,0,0
2024-07-27,Qatar,0,0
2024-07-28,Qatar,0,0
2024-07-29,Qatar,0,0
2024-07-30,Qatar,0,0
2024-07-31,Qatar,0,0
2024-08-01,Qatar,0,0
2024-08-02,Qatar,0,0
2024-08-03,Qatar,0,0
2024-08-04,Qatar,0,0
2024-07-26,Reunion,0,0
2024-07-27,Reunion,0,0
2024-07-28,Reunion,0,0
2024-07-29,Reunion,0,0
2024-07-30,Reunion,0,0
2024-07-31,Reunion,0,0
2024-08-01,Reunion,0,0
2024-08-02,Reunion,0,0
2024-08-03,Reunion,0,0
2024-08-04,Reunion,0,0
2024-07-26,Romania,13.399712778173933,0.0435999331177026
2024-07-27,Romania,13.399712778173933,0.0435999331177026
2024-07-28,Romania,21.792699903331684,0.0290666220784684
2024-07-29,Romania,21.792699903331684,0.0290666220784684
2024-07-30,Romania,21.792699903331684,0.0290666220784684
2024-07-31,Romania,21.792699903331684,0.0290666220784684
2024-08-01,Romania,21.792699903331684,0.0290666220784684
2024-08-02,Romania,21.792699903331684,0.0290666220784684
2024-08-03,Romania,21.792699903331684,0.0290666220784684
2024-08-04,Romania,33.666415022386026,0.0435999331177026
2024-07-26,Russia,5.3613391341436705,0.019743469468398712
2024-07-27,Russia,5.3613391341436705,0.019743469468398712
2024-07-28,Russia,6.0691425145857645,0.02270498988865852
2024-07-29,Russia,6.0691425145857645,0.02270498988865852
2024-07-30,Russia,6.0691425145857645,0.02270498988865852
2024-07-31,Russia,6.0691425145857645,0.02270498988865852
2024-08-01,Russia,6.0691425145857645,0.02270498988865852
2024-08-02,Russia,6.0691425145857645,0.02270498988865852
2024-08-03,Russia,6.0691425145857645,0.02270498988865852
2024-08-04,Russia,7.67724810278684,0.009871734734199356
2024-07-26,Rwanda,0,0
2024-07-27,Rwanda,0,0
2024-07-28,Rwanda,0,0
2024-07-29,Rwanda,0,0
2024-07-30,Rwanda,0,0
2024-07-31,Rwanda,0,0
2024-08-01,Rwanda,0,0
2024-08-02,Rwanda,0,0
2024-08-03,Rwanda,0,0
2024-08-04,Rwanda,0,0
2024-07-26,Saint Barthelemy,0,0
2024-07-27,Saint Barthelemy,0,0
2024-07-28,Saint Barthelemy,0,0
2024-07-29,Saint Barthelemy,0,0
2024-07-30,Saint Barthelemy,0,0
2024-07-31,Saint Barthelemy,0,0
2024-08-01,Saint Barthelemy,0,0
2024-08-02,Saint Barthelemy,0,0
2024-08-03,Saint Barthelemy,0,0
2024-08-04,Saint Barthelemy,0,0
2024-07-26,Saint Helena,0,0
2024-07-27,Saint Helena,0,0
2024-07-28,Saint Helena,0,0
2024-07-29,Saint Helena,0,0
2024-07-30,Saint Helena,0,0
2024-07-31,Saint Helena,0,0
2024-08-01,Saint Helena,0,0
2024-08-02,Saint Helena,0,0
2024-08-03,Saint Helena,0,0
2024-08-04,Saint Helena,0,0
2024-07-26,Saint Kitts and Nevis,0,0
2024-07-27,Saint Kitts and Nevis,0,0
2024-07-28,Saint Kitts and Nevis,0,0
2024-07-29,Saint Kitts and Nevis,0,0
2024-07-30,Saint Kitts and Nevis,0,0
2024-07-31,Saint Kitts and Nevis,0,0
2024-08-01,Saint Kitts and Nevis,0,0
2024-08-02,Saint Kitts and Nevis,0,0
2024-08-03,Saint Kitts and Nevis,0,0
2024-08-04,Saint Kitts and Nevis,0,0
2024-07-26,Saint Lucia,13.501664675832972,0
2024-07-27,Saint Lucia,13.501664675832972,0
2024-07-28,Saint Lucia,3.9710778458332276,0
2024-07-29,Saint Lucia,3.9710778458332276,0
2024-07-30,Saint Lucia,3.9710778458332276,0
2024-07-31,Saint Lucia,3.9710778458332276,0
2024-08-01,Saint Lucia,3.9710778458332276,0
2024-08-02,Saint Lucia,3.9710778458332276,0
2024-08-03,Saint Lucia,3.9710778458332276,0
2024-08-04,Saint Lucia,0,0
2024-07-26,Saint Martin (French part),0,0
2024-07-27,Saint Martin (French part),0,0
2024-07-28,Saint Martin (French part),0,0
2024-07-29,Saint Martin (French part),0,0
2024-07-30,Saint Martin (French part),0,0
2024-07-31,Saint Martin (French part),0,0
2024-08-01,Saint Martin (French part),0,0
2024-08-02,Saint Martin (French part),0,0
2024-08-03,Saint Martin (French part),0,0
2024-08-04,Saint Martin (French part),0,0
2024-07-26,Saint Pierre and Miquelon,0,0
2024-07-27,Saint Pierre and Miquelon,0,0
2024-07-28,Saint Pierre and Miquelon,0,0
2024-07-29,Saint Pierre and Miquelon,0,0
2024-07-30,Saint Pierre and Miquelon,0,0
2024-07-31,Saint Pierre and Miquelon,0,0
2024-08-01,Saint Pierre and Miquelon,0,0
2024-08-02,Saint Pierre and Miquelon,0,0
2024-08-03,Saint Pierre and Miquelon,0,0
2024-08-04,Saint Pierre and Miquelon,0,0
2024-07-26,Saint Vincent and the Grenadines,0,0
2024-07-27,Saint Vincent and the Grenadines,0,0
2024-07-28,Saint Vincent and the Grenadines,0,0
2024-07-29,Saint Vincent and the Grenadines,0,0
2024-07-30,Saint Vincent and the Grenadines,0,0
2024-07-31,Saint Vincent and the Grenadines,0,0
2024-08-01,Saint Vincent and the Grenadines,0,0
2024-08-02,Saint Vincent and the Grenadines,0,0
2024-08-03,Saint Vincent and the Grenadines,0,0
2024-08-04,Saint Vincent and the Grenadines,0,0
2024-07-26,Samoa,0,0
2024-07-27,Samoa,0,0
2024-07-28,Samoa,0,0
2024-07-29,Samoa,0,0
2024-07-30,Samoa,0,0
2024-07-31,Samoa,0,0
2024-08-01,Samoa,0,0
2024-08-02,Samoa,0,0
2024-08-03,Samoa,0,0
2024-08-04,Samoa,0,0
2024-07-26,San Marino,0,0
2024-07-27,San Marino,0,0
2024-07-28,San Marino,0,0
2024-07-29,San Marino,0,0
2024-07-30,San Marino,0,0
2024-07-31,San Marino,0,0
2024-08-01,San Marino,0,0
2024-08-02,San Marino,0,0
2024-08-03,San Marino,0,0
2024-08-04,San Marino,0,0
2024-07-26,Sao Tome and Principe,0,0
2024-07-27,Sao Tome and Principe,0,0
2024-07-28,Sao Tome and Principe,0,0
2024-07-29,Sao Tome and Principe,0,0
2024-07-30,Sao Tome and Principe,0,0
2024-07-31,Sao Tome and Principe,0,0
2024-08-01,Sao Tome and Principe,0,0
2024-08-02,Sao Tome and Principe,0,0
2024-08-03,Sao Tome and Principe,0,0
2024-08-04,Sao Tome and Principe,0,0
2024-07-26,Saudi Arabia,0,0
2024-07-27,Saudi Arabia,0,0
2024-07-28,Saudi Arabia,0,0
2024-07-29,Saudi Arabia,0,0
2024-07-30,Saudi Arabia,0,0
2024-07-31,Saudi Arabia,0,0
2024-08-01,Saudi Arabia,0,0
2024-08-02,Saudi Arabia,0,0
2024-08-03,Saudi Arabia,0,0
2024-08-04,Saudi Arabia,0,0
2024-07-26,Senegal,0.1484962722980765,0
2024-07-27,Senegal,0.1484962722980765,0
2024-07-28,Senegal,0.22274440844711474,0
2024-07-29,Senegal,0.22274440844711474,0
2024-07-30,Senegal,0.22274440844711474,0
2024-07-31,Senegal,0.22274440844711474,0
2024-08-01,Senegal,0.22274440844711474,0
2024-08-02,Senegal,0.22274440844711474,0
2024-08-03,Senegal,0.22274440844711474,0
2024-08-04,Senegal,0,0
2024-07-26,Serbia,0,0
2024-07-27,Serbia,0,0
2024-07-28,Serbia,0,0
2024-07-29,Serbia,0,0
2024-07-30,Serbia,0,0
2024-07-31,Serbia,0,0
2024-08-01,Serbia,0,0
2024-08-02,Serbia,0,0
2024-08-03,Serbia,0,0
2024-08-04,Serbia,0,0
2024-07-26,Seychelles,0,0
2024-07-27,Seychelles,0,0
2024-07-28,Seychelles,0,0
2024-07-29,Seychelles,0,0
2024-07-30,Seychelles,0,0
2024-07-31,Seychelles,0,0
2024-08-01,Seychelles,0,0
2024-08-02,Seychelles,0,0
2024-08-03,Seychelles,0,0
2024-08-04,Seychelles,0,0
2024-07-26,Sierra Leone,0,0
2024-07-27,Sierra Leone,0,0
2024-07-28,Sierra Leone,0,0
2024-07-29,Sierra Leone,0,0
2024-07-30,Sierra Leone,0,0
2024-07-31,Sierra Leone,0,0
2024-08-01,Sierra Leone,0,0
2024-08-02,Sierra Leone,0,0
2024-08-03,Sierra Leone,0,0
2024-08-04,Sierra Leone,0,0
2024-07-26,Singapore,0,0
2024-07-27,Singapore,0,0
2024-07-28,Singapore,0,0
2024-07-29,Singapore,0,0
2024-07-30,Singapore,0,0
2024-07-31,Singapore,0,0
2024-08-01,Singapore,0,0
2024-08-02,Singapore,0,0
2024-08-03,Singapore,0,0
2024-08-04,Singapore,0,0
2024-07-26,Sint Maarten (Dutch part),0,0
2024-07-27,Sint Maarten (Dutch part),0,0
2024-07-28,Sint Maarten (Dutch part),0,0
2024-07-29,Sint Maarten (Dutch part),0,0
2024-07-30,Sint Maarten (Dutch part),0,0
2024-07-31,Sint Maarten (Dutch part),0,0
2024-08-01,Sint Maarten (Dutch part),0,0
2024-08-02,Sint Maarten (Dutch part),0,0
2024-08-03,Sint Maarten (Dutch part),0,0
2024-08-04,Sint Maarten (Dutch part),0,0
2024-07-26,Slovakia,0.7340994378190564,0
2024-07-27,Slovakia,0.7340994378190564,0
2024-07-28,Slovakia,1.1644335910233308,0
2024-07-29,Slovakia,1.1644335910233308,0
2024-07-30,Slovakia,1.1644335910233308,0
2024-07-31,Slovakia,1.1644335910233308,0
2024-08-01,Slovakia,1.1644335910233308,0
2024-08-02,Slovakia,1.1644335910233308,0
2024-08-03,Slovakia,1.1644335910233308,0
2024-08-04,Slovakia,1.544140196791808,0.025313773717898492
2024-07-26,Slovenia,6.806433980521874,0.2695617418028464
2024-07-27,Slovenia,6.806433980521874,0.2695617418028464
2024-07-28,Slovenia,7.682509641381124,0.4043426127042697
2024-07-29,Slovenia,7.682509641381124,0.4043426127042697
2024-07-30,Slovenia,7.682509641381124,0.4043426127042697
2024-07-31,Slovenia,7.682509641381124,0.4043426127042697
2024-08-01,Slovenia,7.682509641381124,0.4043426127042697
2024-08-02,Slovenia,7.682509641381124,0.4043426127042697
2024-08-03,Slovenia,7.682509641381124,0.4043426127042697
2024-08-04,Slovenia,9.973784446705318,0.2695617418028464
2024-07-26,Solomon Islands,0,0
2024-07-27,Solomon Islands,0,0
2024-07-28,Solomon Islands,0,0
2024-07-29,Solomon Islands,0,0
2024-07-30,Solomon Islands,0,0
2024-07-31,Solomon Islands,0,0
2024-08-01,Solomon Islands,0,0
2024-08-02,Solomon Islands,0,0
2024-08-03,Solomon Islands,0,0
2024-08-04,Solomon Islands,0,0
2024-07-26,Somalia,0,0
2024-07-27,Somalia,0,0
2024-07-28,Somalia,0,0
2024-07-29,Somalia,0,0
2024-07-30,Somalia,0,0
2024-07-31,Somalia,0,0
2024-08-01,Somalia,0,0
2024-08-02,Somalia,0,0
2024-08-03,Somalia,0,0
2024-08-04,Somalia,0,0
2024-07-26,South Africa,0.009540683176074729,0
2024-07-27,South Africa,0.009540683176074729,0
2024-07-28,South Africa,0.0047703415880373645,0
2024-07-29,South Africa,0.0047703415880373645,0
2024-07-30,South Africa,0.0047703415880373645,0
2024-07-31,South Africa,0.0047703415880373645,0
2024-08-01,South Africa,0.0047703415880373645,0
2024-08-02,South Africa,0.0047703415880373645,0
2024-08-03,South Africa,0.0047703415880373645,0
2024-08-04,South Africa,0,0
2024-07-26,South America,0.4274431236044577,3.2704141056194157e-4
2024-07-27,South America,0.4274431236044577,3.2704141056194157e-4
2024-07-28,South America,0.4709396312091959,0.0013081656422477663
2024-07-29,South America,0.4709396312091959,0.0013081656422477663
2024-07-30,South America,0.4709396312091959,0.0013081656422477663
2024-07-31,South America,0.4709396312091959,0.0013081656422477663
2024-08-01,South America,0.4709396312091959,0.0013081656422477663
2024-08-02,South America,0.4709396312091959,0.0013081656422477663
2024-08-03,South America,0.4709396312091959,0.0013081656422477663
2024-08-04,South America,0.42777016501501963,3.2704141056194157e-4
2024-07-26,South Korea,0,0
2024-07-27,South Korea,0,0
2024-07-28,South Korea,0,0
2024-07-29,South Korea,0,0
2024-07-30,South Korea,0,0
2024-07-31,South Korea,0,0
2024-08-01,South Korea,0,0
2024-08-02,South Korea,0,0
2024-08-03,South Korea,0,0
2024-08-04,South Korea,0,0
2024-07-26,South Sudan,0,0
2024-07-27,South Sudan,0,0
2024-07-28,South Sudan,0,0
2024-07-29,South Sudan,0,0
2024-07-30,South Sudan,0,0
2024-07-31,South Sudan,0,0
2024-08-01,South Sudan,0,0
2024-08-02,South Sudan,0,0
2024-08-03,South Sudan,0,0
2024-08-04,South Sudan,0,0
2024-07-26,Spain,0,0
2024-07-27,Spain,0,0
2024-07-28,Spain,0,0
2024-07-29,Spain,0,0
2024-07-30,Spain,0,0
2024-07-31,Spain,0,0
2024-08-01,Spain,0,0
2024-08-02,Spain,0,0
2024-08-03,Spain,0,0
2024-08-04,Spain,0,0
2024-07-26,Sri Lanka,0.03926057933565211,0
2024-07-27,Sri Lanka,0.03926057933565211,0
2024-07-28,Sri Lanka,0,0
2024-07-29,Sri Lanka,0,0
2024-07-30,Sri Lanka,0,0
2024-07-31,Sri Lanka,0,0
2024-08-01,Sri Lanka,0,0
2024-08-02,Sri Lanka,0,0
2024-08-03,Sri Lanka,0,0
2024-08-04,Sri Lanka,0.006543429889275351,0
2024-07-26,Sudan,0,0
2024-07-27,Sudan,0,0
2024-07-28,Sudan,0,0
2024-07-29,Sudan,0,0
2024-07-30,Sudan,0,0
2024-07-31,Sudan,0,0
2024-08-01,Sudan,0,0
2024-08-02,Sudan,0,0
2024-08-03,Sudan,0,0
2024-08-04,Sudan,0,0
2024-07-26,Suriname,0,0
2024-07-27,Suriname,0,0
2024-07-28,Suriname,0,0
2024-07-29,Suriname,0,0
2024-07-30,Suriname,0,0
2024-07-31,Suriname,0,0
2024-08-01,Suriname,0,0
2024-08-02,Suriname,0,0
2024-08-03,Suriname,0,0
2024-08-04,Suriname,0,0
2024-07-26,Sweden,5.57922037247444,0
2024-07-27,Sweden,5.57922037247444,0
2024-07-28,Sweden,7.7188243017243465,0.4333375046582089
2024-07-29,Sweden,7.7188243017243465,0.4333375046582089
2024-07-30,Sweden,7.7188243017243465,0.4333375046582089
2024-07-31,Sweden,7.7188243017243465,0.4333375046582089
2024-08-01,Sweden,7.7188243017243465,0.4333375046582089
2024-08-02,Sweden,7.7188243017243465,0.4333375046582089
2024-08-03,Sweden,7.7188243017243465,0.4333375046582089
2024-08-04,Sweden,8.531332122958489,0.3791703165759328
2024-07-26,Switzerland,8.989381530060403,0
2024-07-27,Switzerland,8.989381530060403,0
2024-07-28,Switzerland,8.793249569404539,0
2024-07-29,Switzerland,8.793249569404539,0
2024-07-30,Switzerland,8.793249569404539,0
2024-07-31,Switzerland,8.793249569404539,0
2024-08-01,Switzerland,8.793249569404539,0
2024-08-02,Switzerland,8.793249569404539,0
2024-08-03,Switzerland,8.793249569404539,0
2024-08-04,Switzerland,6.962684603283148,0
2024-07-26,Syria,0,0
2024-07-27,Syria,0,0
2024-07-28,Syria,0,0
2024-07-29,Syria,0,0
2024-07-30,Syria,0,0
2024-07-31,Syria,0,0
2024-08-01,Syria,0,0
2024-08-02,Syria,0,0
2024-08-03,Syria,0,0
2024-08-04,Syria,0,0
2024-07-26,Tajikistan,0,0
2024-07-27,Tajikistan,0,0
2024-07-28,Tajikistan,0,0
2024-07-29,Tajikistan,0,0
2024-07-30,Tajikistan,0,0
2024-07-31,Tajikistan,0,0
2024-08-01,Tajikistan,0,0
2024-08-02,Tajikistan,0,0
2024-08-03,Tajikistan,0,0
2024-08-04,Tajikistan,0,0
2024-07-26,Tanzania,0,0
2024-07-27,Tanzania,0,0
2024-07-28,Tanzania,0,0
2024-07-29,Tanzania,0,0
2024-07-30,Tanzania,0,0
2024-07-31,Tanzania,0,0
2024-08-01,Tanzania,0,0
2024-08-02,Tanzania,0,0
2024-08-03,Tanzania,0,0
2024-08-04,Tanzania,0,0
2024-07-26,Thailand,2.1260097410538465,0.005977534417208566
2024-07-27,Thailand,2.1260097410538465,0.005977534417208566
2024-07-28,Thailand,1.84905064638985,0.003985022944805711
2024-07-29,Thailand,1.84905064638985,0.003985022944805711
2024-07-30,Thailand,1.84905064638985,0.003985022944805711
2024-07-31,Thailand,1.84905064638985,0.003985022944805711
2024-08-01,Thailand,1.84905064638985,0.003985022944805711
2024-08-02,Thailand,1.84905064638985,0.003985022944805711
2024-08-03,Thailand,1.84905064638985,0.003985022944805711
2024-08-04,Thailand,1.115806424545599,0.0019925114724028553
2024-07-26,Togo,0,0
2024-07-27,Togo,0,0
2024-07-28,Togo,0,0
2024-07-29,Togo,0,0
2024-07-30,Togo,0,0
2024-07-31,Togo,0,0
2024-08-01,Togo,0,0
2024-08-02,Togo,0,0
2024-08-03,Togo,0,0
2024-08-04,Togo,0,0
2024-07-26,Tokelau,0,0
2024-07-27,Tokelau,0,0
2024-07-28,Tokelau,0,0
2024-07-29,Tokelau,0,0
2024-07-30,Tokelau,0,0
2024-07-31,Tokelau,0,0
2024-08-01,Tokelau,0,0
2024-08-02,Tokelau,0,0
2024-08-03,Tokelau,0,0
2024-08-04,Tokelau,0,0
2024-07-26,Tonga,4.010325250745586,0
2024-07-27,Tonga,4.010325250745586,0
2024-07-28,Tonga,0,0
2024-07-29,Tonga,0,0
2024-07-30,Tonga,0,0
2024-07-31,Tonga,0,0
2024-08-01,Tonga,0,0
2024-08-02,Tonga,0,0
2024-08-03,Tonga,0,0
2024-08-04,Tonga,0,0
2024-07-26,Trinidad and Tobago,0,0
2024-07-27,Trinidad and Tobago,0,0
2024-07-28,Trinidad and Tobago,0,0
2024-07-29,Trinidad and Tobago,0,0
2024-07-30,Trinidad and Tobago,0,0
2024-07-31,Trinidad and Tobago,0,0
2024-08-01,Trinidad and Tobago,0,0
2024-08-02,Trinidad and Tobago,0,0
2024-08-03,Trinidad and Tobago,0,0
2024-08-04,Trinidad and Tobago,0,0
2024-07-26,Tunisia,0,0
2024-07-27,Tunisia,0,0
2024-07-28,Tunisia,0,0
2024-07-29,Tunisia,0,0
2024-07-30,Tunisia,0,0
2024-07-31,Tunisia,0,0
2024-08-01,Tunisia,0,0
2024-08-02,Tunisia,0,0
2024-08-03,Tunisia,0,0
2024-08-04,Tunisia,0,0
2024-07-26,Turkey,0,0
2024-07-27,Turkey,0,0
2024-07-28,Turkey,0,0
2024-07-29,Turkey,0,0
2024-07-30,Turkey,0,0
2024-07-31,Turkey,0,0
2024-08-01,Turkey,0,0
2024-08-02,Turkey,0,0
2024-08-03,Turkey,0,0
2024-08-04,Turkey,0,0
2024-07-26,Turkmenistan,0,0
2024-07-27,Turkmenistan,0,0
2024-07-28,Turkmenistan,0,0
2024-07-29,Turkmenistan,0,0
2024-07-30,Turkmenistan,0,0
2024-07-31,Turkmenistan,0,0
2024-08-01,Turkmenistan,0,0
2024-08-02,Turkmenistan,0,0
2024-08-03,Turkmenistan,0,0
2024-08-04,Turkmenistan,0,0
2024-07-26,Turks and Caicos Islands,12.496797695590503,0
2024-07-27,Turks and Caicos Islands,12.496797695590503,0
2024-07-28,Turks and Caicos Islands,0,0
2024-07-29,Turks and Caicos Islands,0,0
2024-07-30,Turks and Caicos Islands,0,0
2024-07-31,Turks and Caicos Islands,0,0
2024-08-01,Turks and Caicos Islands,0,0
2024-08-02,Turks and Caicos Islands,0,0
2024-08-03,Turks and Caicos Islands,0,0
2024-08-04,Turks and Caicos Islands,0,0
2024-07-26,Tuvalu,0,0
2024-07-27,Tuvalu,0,0
2024-07-28,Tuvalu,0,0
2024-07-29,Tuvalu,0,0
2024-07-30,Tuvalu,0,0
2024-07-31,Tuvalu,0,0
2024-08-01,Tuvalu,0,0
2024-08-02,Tuvalu,0,0
2024-08-03,Tuvalu,0,0
2024-08-04,Tuvalu,0,0
2024-07-26,Uganda,0,0
2024-07-27,Uganda,0,0
2024-07-28,Uganda,0,0
2024-07-29,Uganda,0,0
2024-07-30,Uganda,0,0
2024-07-31,Uganda,0,0
2024-08-01,Uganda,0,0
2024-08-02,Uganda,0,0
2024-08-03,Uganda,0,0
2024-08-04,Uganda,0,0
2024-07-26,Ukraine,0.25547636252092965,0
2024-07-27,Ukraine,0.25547636252092965,0
2024-07-28,Ukraine,0.31664675918087054,0
2024-07-29,Ukraine,0.31664675918087054,0
2024-07-30,Ukraine,0.31664675918087054,0
2024-07-31,Ukraine,0.31664675918087054,0
2024-08-01,Ukraine,0.31664675918087054,0
2024-08-02,Ukraine,0.31664675918087054,0
2024-08-03,Ukraine,0.31664675918087054,0
2024-08-04,Ukraine,0.6153022252264643,0
2024-07-26,United Arab Emirates,0,0
2024-07-27,United Arab Emirates,0,0
2024-07-28,United Arab Emirates,0,0
2024-07-29,United Arab Emirates,0,0
2024-07-30,United Arab Emirates,0,0
2024-07-31,United Arab Emirates,0,0
2024-08-01,United Arab Emirates,0,0
2024-08-02,United Arab Emirates,0,0
2024-08-03,United Arab Emirates,0,0
2024-08-04,United Arab Emirates,0,0
2024-07-26,United Kingdom,10.661022500995804,0
2024-07-27,United Kingdom,10.661022500995804,0
2024-07-28,United Kingdom,8.741699871300845,0
2024-07-29,United Kingdom,8.741699871300845,0
2024-07-30,United Kingdom,8.741699871300845,0
2024-07-31,United Kingdom,8.741699871300845,0
2024-08-01,United Kingdom,8.741699871300845,0
2024-08-02,United Kingdom,8.741699871300845,0
2024-08-03,United Kingdom,8.741699871300845,0
2024-08-04,United Kingdom,7.194814708889586,0
2024-07-26,United States,0,0.23901734392278928
2024-07-27,United States,0,0.23901734392278928
2024-07-28,United States,0,0.2613988266576088
2024-07-29,United States,0,0.2613988266576088
2024-07-30,United States,0,0.2613988266576088
2024-07-31,United States,0,0.2613988266576088
2024-08-01,United States,0,0.2613988266576088
2024-08-02,United States,0,0.2613988266576088
2024-08-03,United States,0,0.2613988266576088
2024-08-04,United States,0,0.2613988266576088
2024-07-26,United States Virgin Islands,0,0
2024-07-27,United States Virgin Islands,0,0
2024-07-28,United States Virgin Islands,0,0
2024-07-29,United States Virgin Islands,0,0
2024-07-30,United States Virgin Islands,0,0
2024-07-31,United States Virgin Islands,0,0
2024-08-01,United States Virgin Islands,0,0
2024-08-02,United States Virgin Islands,0,0
2024-08-03,United States Virgin Islands,0,0
2024-08-04,United States Virgin Islands,0,0
2024-07-26,Upper-middle-income countries,NA,NA
2024-07-27,Upper-middle-income countries,NA,NA
2024-07-28,Upper-middle-income countries,NA,NA
2024-07-29,Upper-middle-income countries,NA,NA
2024-07-30,Upper-middle-income countries,NA,NA
2024-07-31,Upper-middle-income countries,NA,NA
2024-08-01,Upper-middle-income countries,NA,NA
2024-08-02,Upper-middle-income countries,NA,NA
2024-08-03,Upper-middle-income countries,NA,NA
2024-08-04,Upper-middle-income countries,NA,NA
2024-08-05,Upper-middle-income countries,NA,NA
2024-08-06,Upper-middle-income countries,NA,NA
2024-08-07,Upper-middle-income countries,NA,NA
2024-08-08,Upper-middle-income countries,NA,NA
2024-08-09,Upper-middle-income countries,NA,NA
2024-08-10,Upper-middle-income countries,NA,NA
2024-08-11,Upper-middle-income countries,NA,NA
2024-08-12,Upper-middle-income countries,NA,NA
2024-08-13,Upper-middle-income countries,NA,NA
2024-08-14,Upper-middle-income countries,NA,NA
2024-07-26,Upper-middle-income countries,0.7697332906950483,0.002488483820028077
2024-07-27,Upper-middle-income countries,0.7697332906950483,0.002488483820028077
2024-07-28,Upper-middle-income countries,0.7758413873442082,0.0027147096218488108
2024-07-29,Upper-middle-income countries,0.7758413873442082,0.0027147096218488108
2024-07-30,Upper-middle-income countries,0.7758413873442082,0.0027147096218488108
2024-07-31,Upper-middle-income countries,0.7758413873442082,0.0027147096218488108
2024-08-01,Upper-middle-income countries,0.7758413873442082,0.0027147096218488108
2024-08-02,Upper-middle-income countries,0.7758413873442082,0.0027147096218488108
2024-08-03,Upper-middle-income countries,0.7758413873442082,0.0027147096218488108
2024-08-04,Upper-middle-income countries,0.8074564431486557,0.0016401370632003235
2024-07-26,Uruguay,0.5008436711640759,0
2024-07-27,Uruguay,0.5008436711640759,0
2024-07-28,Uruguay,0.5008436711640759,0
2024-07-29,Uruguay,0.5008436711640759,0
2024-07-30,Uruguay,0.5008436711640759,0
2024-07-31,Uruguay,0.5008436711640759,0
2024-08-01,Uruguay,0.5008436711640759,0
2024-08-02,Uruguay,0.5008436711640759,0
2024-08-03,Uruguay,0.5008436711640759,0
2024-08-04,Uruguay,0.6260545889550948,0
2024-07-26,Uzbekistan,0,0
2024-07-27,Uzbekistan,0,0
2024-07-28,Uzbekistan,0,0
2024-07-29,Uzbekistan,0,0
2024-07-30,Uzbekistan,0,0
2024-07-31,Uzbekistan,0,0
2024-08-01,Uzbekistan,0,0
2024-08-02,Uzbekistan,0,0
2024-08-03,Uzbekistan,0,0
2024-08-04,Uzbekistan,0,0
2024-07-26,Vanuatu,0,0
2024-07-27,Vanuatu,0,0
2024-07-28,Vanuatu,0,0
2024-07-29,Vanuatu,0,0
2024-07-30,Vanuatu,0,0
2024-07-31,Vanuatu,0,0
2024-08-01,Vanuatu,0,0
2024-08-02,Vanuatu,0,0
2024-08-03,Vanuatu,0,0
2024-08-04,Vanuatu,0,0
2024-07-26,Vatican,0,0
2024-07-27,Vatican,0,0
2024-07-28,Vatican,0,0
2024-07-29,Vatican,0,0
2024-07-30,Vatican,0,0
2024-07-31,Vatican,0,0
2024-08-01,Vatican,0,0
2024-08-02,Vatican,0,0
2024-08-03,Vatican,0,0
2024-08-04,Vatican,0,0
2024-07-26,Venezuela,0,0
2024-07-27,Venezuela,0,0
2024-07-28,Venezuela,0,0
2024-07-29,Venezuela,0,0
2024-07-30,Venezuela,0,0
2024-07-31,Venezuela,0,0
2024-08-01,Venezuela,0,0
2024-08-02,Venezuela,0,0
2024-08-03,Venezuela,0,0
2024-08-04,Venezuela,0,0
2024-07-26,Vietnam,0,0
2024-07-27,Vietnam,0,0
2024-07-28,Vietnam,0,0
2024-07-29,Vietnam,0,0
2024-07-30,Vietnam,0,0
2024-07-31,Vietnam,0,0
2024-08-01,Vietnam,0,0
2024-08-02,Vietnam,0,0
2024-08-03,Vietnam,0,0
2024-08-04,Vietnam,0,0
2024-07-26,Wallis and Futuna,0,0
2024-07-27,Wallis and Futuna,0,0
2024-07-28,Wallis and Futuna,0,0
2024-07-29,Wallis and Futuna,0,0
2024-07-30,Wallis and Futuna,0,0
2024-07-31,Wallis and Futuna,0,0
2024-08-01,Wallis and Futuna,0,0
2024-08-02,Wallis and Futuna,0,0
2024-08-03,Wallis and Futuna,0,0
2024-08-04,Wallis and Futuna,0,0
2024-07-26,World,0.9328851620722108,0.014903520705929058
2024-07-27,World,0.9328851620722108,0.014903520705929058
2024-07-28,World,1.003408192143416,0.016193248459326764
2024-07-29,World,1.003408192143416,0.016193248459326764
2024-07-30,World,1.003408192143416,0.016193248459326764
2024-07-31,World,1.003408192143416,0.016193248459326764
2024-08-01,World,1.003408192143416,0.016193248459326764
2024-08-02,World,1.003408192143416,0.016193248459326764
2024-08-03,World,1.003408192143416,0.016193248459326764
2024-08-04,World,0.8449328944446728,0.014599001653043488
2024-08-05,World,1.6898657888893456,0.029198003306086975
2024-08-06,World,2.534798683334018,0.04379700495913046
2024-08-07,World,3.379731577778691,0.05839600661217395
2024-08-08,World,4.224664472223363,0.07299500826521743
2024-08-09,World,5.069597366668036,0.08759400991826093
2024-08-10,World,5.914530261112709,0.1021930115713044
2024-08-11,World,5.914530261112709,0.1021930115713044
2024-08-12,World,5.914530261112709,0.1021930115713044
2024-08-13,World,5.914530261112709,0.1021930115713044
2024-08-14,World,5.914530261112709,0.1021930115713044
2024-07-26,Yemen,0,0
2024-07-27,Yemen,0,0
2024-07-28,Yemen,0,0
2024-07-29,Yemen,0,0
2024-07-30,Yemen,0,0
2024-07-31,Yemen,0,0
2024-08-01,Yemen,0,0
2024-08-02,Yemen,0,0
2024-08-03,Yemen,0,0
2024-08-04,Yemen,0,0
2024-07-26,Zambia,0.1427310399833176,0.05709241599332704
2024-07-27,Zambia,0.1427310399833176,0.05709241599332704
2024-07-28,Zambia,0.39251035995412337,0
2024-07-29,Zambia,0.39251035995412337,0
2024-07-30,Zambia,0.39251035995412337,0
2024-07-31,Zambia,0.39251035995412337,0
2024-08-01,Zambia,0.39251035995412337,0
2024-08-02,Zambia,0.39251035995412337,0
2024-08-03,Zambia,0.39251035995412337,0
2024-08-04,Zambia,0.12845793598498587,0
2024-07-26,Zimbabwe,0.008753212308560573,0
2024-07-27,Zimbabwe,0.008753212308560573,0
2024-07-28,Zimbabwe,0,0
2024-07-29,Zimbabwe,0,0
2024-07-30,Zimbabwe,0,0
2024-07-31,Zimbabwe,0,0
2024-08-01,Zimbabwe,0,0
2024-08-02,Zimbabwe,0,0
2024-08-03,Zimbabwe,0,0
2024-08-04,Zimbabwe,0,0
